CREATE DATABASE  IF NOT EXISTS `mbcreditoteste` /*!40100 DEFAULT CHARACTER SET latin1 */;
USE `mbcreditoteste`;
-- MySQL dump 10.13  Distrib 5.5.40, for debian-linux-gnu (x86_64)
--
-- Host: 127.0.0.1    Database: mbcredito
-- ------------------------------------------------------
-- Server version	5.5.40-0ubuntu0.14.04.1

/*!40101 SET @OLD_CHARACTER_SET_CLIENT=@@CHARACTER_SET_CLIENT */;
/*!40101 SET @OLD_CHARACTER_SET_RESULTS=@@CHARACTER_SET_RESULTS */;
/*!40101 SET @OLD_COLLATION_CONNECTION=@@COLLATION_CONNECTION */;
/*!40101 SET NAMES utf8 */;
/*!40103 SET @OLD_TIME_ZONE=@@TIME_ZONE */;
/*!40103 SET TIME_ZONE='+00:00' */;
/*!40014 SET @OLD_UNIQUE_CHECKS=@@UNIQUE_CHECKS, UNIQUE_CHECKS=0 */;
/*!40014 SET @OLD_FOREIGN_KEY_CHECKS=@@FOREIGN_KEY_CHECKS, FOREIGN_KEY_CHECKS=0 */;
/*!40101 SET @OLD_SQL_MODE=@@SQL_MODE, SQL_MODE='NO_AUTO_VALUE_ON_ZERO' */;
/*!40111 SET @OLD_SQL_NOTES=@@SQL_NOTES, SQL_NOTES=0 */;

--
-- Table structure for table `Documento`
--

DROP TABLE IF EXISTS `Documento`;
/*!40101 SET @saved_cs_client     = @@character_set_client */;
/*!40101 SET character_set_client = utf8 */;
CREATE TABLE `Documento` (
  `id` int(11) NOT NULL AUTO_INCREMENT,
  `name` varchar(255) COLLATE utf8_unicode_ci NOT NULL,
  `path` varchar(255) COLLATE utf8_unicode_ci DEFAULT NULL,
  `data` datetime DEFAULT NULL,
  PRIMARY KEY (`id`)
) ENGINE=InnoDB AUTO_INCREMENT=14 DEFAULT CHARSET=utf8 COLLATE=utf8_unicode_ci;
/*!40101 SET character_set_client = @saved_cs_client */;

--
-- Dumping data for table `Documento`
--

LOCK TABLES `Documento` WRITE;
/*!40000 ALTER TABLE `Documento` DISABLE KEYS */;
INSERT INTO `Documento` VALUES (1,'42da51e40ee151419036cd5d7b11e799ca398c36','MBCREDITO-AL0-499.csv','2015-03-02 12:27:13'),(2,'7cb9db300e7c980244281f344ee69106e31b8cd3','MBCREDITO-AL0-499.csv','2015-03-02 12:31:43'),(3,'ebef4a1cd5b79d6ba321ceb4f0816362ea187a38','MBCREDITO-AL0-499.csv','2015-03-02 12:32:19'),(4,'0f78fed513ef025b9f9429fb3dd63a3d505e271e','MBCREDITO-AL0-499.csv','2015-03-02 12:33:56'),(5,'c0c7d522fe29d9ff9fa1ab08a22ec42de82b4316','MBCREDITO-MG100-599.csv','2015-03-02 12:44:24'),(6,'53854c4aa5ccb35423ef074b7bccba3d8112f31e','MBCREDITO-MG100-599.csv','2015-03-02 12:50:27'),(7,'ba3ae38a0bbd2d51feb0d2fe65c5385084a7aef3','MBCREDITO-AL0-499.csv','2015-03-02 20:17:03'),(8,'746f78d7560fc5a449a11abbca516ef10f18e8ca','MBCREDITO-MG100-599.csv','2015-03-03 07:17:06'),(9,'2fcce7d78dd2adc2c9bbe1a62bc7d69309d0465a','MBCREDITO-MG100-599.csv','2015-03-03 13:50:10'),(10,'70f9e4f49a4cf83e2300ce58cead240c2862f0fc','MBCREDITO-MG100-599.csv','2015-03-03 13:50:54'),(11,'b267d3376fe7cae13df07b6db01fcd9548ac357c','MBCREDITO-MG100-599.csv','2015-03-03 13:52:13'),(12,'9e88a0d259ce389da0214f4089999e55c0a6deb0','MBCREDITO-MG100-599.csv','2015-03-03 13:52:41'),(13,'d32e49860875350148c20f2c0f4fdd5f80762429','MBCREDITO-AL0-499.csv','2015-03-04 10:37:23');
/*!40000 ALTER TABLE `Documento` ENABLE KEYS */;
UNLOCK TABLES;

--
-- Table structure for table `ag`
--

DROP TABLE IF EXISTS `ag`;
/*!40101 SET @saved_cs_client     = @@character_set_client */;
/*!40101 SET character_set_client = utf8 */;
CREATE TABLE `ag` (
  `id_ag` int(11) NOT NULL AUTO_INCREMENT,
  `prefixo_ag` varchar(10) COLLATE utf8_unicode_ci NOT NULL,
  `nome_ag` varchar(50) COLLATE utf8_unicode_ci DEFAULT NULL,
  `id_uf` int(11) DEFAULT NULL,
  PRIMARY KEY (`id_ag`),
  KEY `IDX_EEE9BCE2773DA226` (`id_uf`),
  CONSTRAINT `FK_EEE9BCE2773DA226` FOREIGN KEY (`id_uf`) REFERENCES `uf` (`id`)
) ENGINE=InnoDB AUTO_INCREMENT=6 DEFAULT CHARSET=utf8 COLLATE=utf8_unicode_ci;
/*!40101 SET character_set_client = @saved_cs_client */;

--
-- Dumping data for table `ag`
--

LOCK TABLES `ag` WRITE;
/*!40000 ALTER TABLE `ag` DISABLE KEYS */;
INSERT INTO `ag` VALUES (1,'13','NENHUM',2),(2,'49','NENHUM',2),(3,'110','Agência120',2),(4,'120','NENHUM',2),(5,'136','NENHUM',2);
/*!40000 ALTER TABLE `ag` ENABLE KEYS */;
UNLOCK TABLES;

--
-- Table structure for table `agencia_pa`
--

DROP TABLE IF EXISTS `agencia_pa`;
/*!40101 SET @saved_cs_client     = @@character_set_client */;
/*!40101 SET character_set_client = utf8 */;
CREATE TABLE `agencia_pa` (
  `id` int(11) NOT NULL AUTO_INCREMENT,
  `agencia_id` int(11) DEFAULT NULL,
  `user_id_user` int(11) DEFAULT NULL,
  `data` datetime NOT NULL,
  `id_uf` int(11) DEFAULT NULL,
  PRIMARY KEY (`id`),
  KEY `IDX_4D9DCB29A6F796BE` (`agencia_id`),
  KEY `IDX_4D9DCB295EBED441` (`user_id_user`),
  KEY `IDX_4D9DCB29773DA226` (`id_uf`),
  CONSTRAINT `FK_4D9DCB295EBED441` FOREIGN KEY (`user_id_user`) REFERENCES `users` (`id`),
  CONSTRAINT `FK_4D9DCB29773DA226` FOREIGN KEY (`id_uf`) REFERENCES `uf` (`id`),
  CONSTRAINT `FK_4D9DCB29A6F796BE` FOREIGN KEY (`agencia_id`) REFERENCES `ag` (`id_ag`)
) ENGINE=InnoDB AUTO_INCREMENT=3 DEFAULT CHARSET=utf8 COLLATE=utf8_unicode_ci;
/*!40101 SET character_set_client = @saved_cs_client */;

--
-- Dumping data for table `agencia_pa`
--

LOCK TABLES `agencia_pa` WRITE;
/*!40000 ALTER TABLE `agencia_pa` DISABLE KEYS */;
INSERT INTO `agencia_pa` VALUES (1,2,2,'2015-03-04 10:44:58',2),(2,NULL,2,'2015-03-09 12:29:16',NULL);
/*!40000 ALTER TABLE `agencia_pa` ENABLE KEYS */;
UNLOCK TABLES;

--
-- Table structure for table `antecipacao13`
--

DROP TABLE IF EXISTS `antecipacao13`;
/*!40101 SET @saved_cs_client     = @@character_set_client */;
/*!40101 SET character_set_client = utf8 */;
CREATE TABLE `antecipacao13` (
  `id` int(11) NOT NULL AUTO_INCREMENT,
  `id_consulta` int(11) DEFAULT NULL,
  `valor_disponivel` decimal(10,2) DEFAULT NULL,
  `data_vencimento` date DEFAULT NULL,
  `valor_prestacao` decimal(10,2) DEFAULT NULL,
  PRIMARY KEY (`id`),
  KEY `IDX_86C3696DF625D34B` (`id_consulta`),
  CONSTRAINT `FK_86C3696DF625D34B` FOREIGN KEY (`id_consulta`) REFERENCES `consulta_cliente` (`id`)
) ENGINE=InnoDB DEFAULT CHARSET=utf8 COLLATE=utf8_unicode_ci;
/*!40101 SET character_set_client = @saved_cs_client */;

--
-- Dumping data for table `antecipacao13`
--

LOCK TABLES `antecipacao13` WRITE;
/*!40000 ALTER TABLE `antecipacao13` DISABLE KEYS */;
/*!40000 ALTER TABLE `antecipacao13` ENABLE KEYS */;
UNLOCK TABLES;

--
-- Table structure for table `chamada_cliente`
--

DROP TABLE IF EXISTS `chamada_cliente`;
/*!40101 SET @saved_cs_client     = @@character_set_client */;
/*!40101 SET character_set_client = utf8 */;
CREATE TABLE `chamada_cliente` (
  `id_chamada_cliente` int(11) NOT NULL AUTO_INCREMENT,
  `status_id_status` int(11) DEFAULT NULL,
  `user_id_user` int(11) DEFAULT NULL,
  `id_onsulta_cliente` int(11) DEFAULT NULL,
  `subrotinas_id_subrotina` int(11) DEFAULT NULL,
  `status_pendencia` tinyint(1) DEFAULT NULL,
  `status_chamada` tinyint(1) DEFAULT NULL,
  `data_chamada` datetime DEFAULT NULL,
  `data_pendencia` datetime NOT NULL,
  `observacao` text COLLATE utf8_unicode_ci,
  `novo_ddd` varchar(3) COLLATE utf8_unicode_ci DEFAULT NULL,
  `novo_fone` varchar(8) COLLATE utf8_unicode_ci DEFAULT NULL,
  PRIMARY KEY (`id_chamada_cliente`),
  KEY `IDX_B9B40E7BDFA86BDD` (`id_onsulta_cliente`),
  KEY `fk_chamada_cliente_status1_idx` (`status_id_status`),
  KEY `fk_chamada_cliente_user1_idx` (`user_id_user`),
  KEY `fk_chamada_cliente_subrotinas1_idx` (`subrotinas_id_subrotina`),
  CONSTRAINT `FK_B9B40E7B5EBED441` FOREIGN KEY (`user_id_user`) REFERENCES `users` (`id`),
  CONSTRAINT `FK_B9B40E7B91620471` FOREIGN KEY (`subrotinas_id_subrotina`) REFERENCES `subrotinas` (`id_subrotina`),
  CONSTRAINT `FK_B9B40E7BD5A250B0` FOREIGN KEY (`status_id_status`) REFERENCES `status` (`id_status`),
  CONSTRAINT `FK_B9B40E7BDFA86BDD` FOREIGN KEY (`id_onsulta_cliente`) REFERENCES `consulta_cliente` (`id`)
) ENGINE=InnoDB AUTO_INCREMENT=5 DEFAULT CHARSET=utf8 COLLATE=utf8_unicode_ci;
/*!40101 SET character_set_client = @saved_cs_client */;

--
-- Dumping data for table `chamada_cliente`
--

LOCK TABLES `chamada_cliente` WRITE;
/*!40000 ALTER TABLE `chamada_cliente` DISABLE KEYS */;
INSERT INTO `chamada_cliente` VALUES (1,1,2,1,7,0,1,'2015-03-09 12:00:00','2015-03-09 12:32:48','TESTE','',''),(2,1,2,1,9,0,1,'2015-03-09 12:00:00','2015-03-09 12:34:10','TESTE2','',''),(3,1,2,1,9,0,1,'2015-03-10 10:00:00','2015-03-09 12:52:12','TESTE','',''),(4,2,2,1,3,0,0,'2015-03-22 13:00:00','2015-03-10 11:12:05','','','');
/*!40000 ALTER TABLE `chamada_cliente` ENABLE KEYS */;
UNLOCK TABLES;

--
-- Table structure for table `clientes`
--

DROP TABLE IF EXISTS `clientes`;
/*!40101 SET @saved_cs_client     = @@character_set_client */;
/*!40101 SET character_set_client = utf8 */;
CREATE TABLE `clientes` (
  `id_cliente` int(11) NOT NULL AUTO_INCREMENT,
  `super_estadual_id_super_estadual` int(11) DEFAULT NULL,
  `ag_id_ag` int(11) DEFAULT NULL,
  `super_regional_id_super_regional` int(11) DEFAULT NULL,
  `sexos_id_sexo` int(11) DEFAULT NULL,
  `nome_cliente` varchar(50) COLLATE utf8_unicode_ci NOT NULL,
  `cpf_cliente` varchar(11) COLLATE utf8_unicode_ci NOT NULL,
  `ddd_fone_resid_cliente` varchar(5) COLLATE utf8_unicode_ci DEFAULT NULL,
  `fone_resid_cliente` varchar(10) COLLATE utf8_unicode_ci DEFAULT NULL,
  `ddd_fone_comer_cliente` varchar(5) COLLATE utf8_unicode_ci DEFAULT NULL,
  `fone_comer_cliente` varchar(10) COLLATE utf8_unicode_ci DEFAULT NULL,
  `ddd_fone_cel_cliente` varchar(5) COLLATE utf8_unicode_ci DEFAULT NULL,
  `fone_cel_cliente` varchar(10) COLLATE utf8_unicode_ci DEFAULT NULL,
  `ddd_fone_pref_cliente` varchar(5) COLLATE utf8_unicode_ci DEFAULT NULL,
  `fone_pref_cliente` varchar(10) COLLATE utf8_unicode_ci DEFAULT NULL,
  `cod_cliente` varchar(20) COLLATE utf8_unicode_ci DEFAULT NULL,
  `data_nasc_cliente` date DEFAULT NULL,
  `num_beneficio_cliente` varchar(20) COLLATE utf8_unicode_ci DEFAULT NULL,
  `dv_cliente` varchar(1) COLLATE utf8_unicode_ci DEFAULT NULL,
  `num_beneficio_comp_cliente` varchar(45) COLLATE utf8_unicode_ci DEFAULT NULL,
  `status_emChamada` tinyint(1) DEFAULT NULL,
  `qtd_consulta_cliente` int(11) DEFAULT NULL,
  `coc_cliente` varchar(20) COLLATE utf8_unicode_ci DEFAULT NULL,
  `mci_correspondente_cliente` varchar(30) COLLATE utf8_unicode_ci DEFAULT NULL,
  `LimiteCreditoNovo` int(11) DEFAULT NULL,
  `mci_cliente` varchar(20) COLLATE utf8_unicode_ci DEFAULT NULL,
  `mci_empregador` varchar(20) COLLATE utf8_unicode_ci DEFAULT NULL,
  `conta_corrente` varchar(20) COLLATE utf8_unicode_ci DEFAULT NULL,
  PRIMARY KEY (`id_cliente`),
  KEY `IDX_50FE07D7A892A8ED` (`super_estadual_id_super_estadual`),
  KEY `IDX_50FE07D7221C05FD` (`ag_id_ag`),
  KEY `IDX_50FE07D75B0025D3` (`super_regional_id_super_regional`),
  KEY `IDX_50FE07D7A3EB2A0F` (`sexos_id_sexo`),
  KEY `IDX_50FE07D74518D2FB` (`LimiteCreditoNovo`),
  CONSTRAINT `FK_50FE07D7221C05FD` FOREIGN KEY (`ag_id_ag`) REFERENCES `ag` (`id_ag`),
  CONSTRAINT `FK_50FE07D74518D2FB` FOREIGN KEY (`LimiteCreditoNovo`) REFERENCES `limite_credito_novo` (`id_limite_credito_novo`),
  CONSTRAINT `FK_50FE07D75B0025D3` FOREIGN KEY (`super_regional_id_super_regional`) REFERENCES `super_regional` (`id_super_regional`),
  CONSTRAINT `FK_50FE07D7A3EB2A0F` FOREIGN KEY (`sexos_id_sexo`) REFERENCES `sexos` (`id_sexo`),
  CONSTRAINT `FK_50FE07D7A892A8ED` FOREIGN KEY (`super_estadual_id_super_estadual`) REFERENCES `super_estadual` (`id_super_estadual`)
) ENGINE=InnoDB AUTO_INCREMENT=369 DEFAULT CHARSET=utf8 COLLATE=utf8_unicode_ci;
/*!40101 SET character_set_client = @saved_cs_client */;

--
-- Dumping data for table `clientes`
--

LOCK TABLES `clientes` WRITE;
/*!40000 ALTER TABLE `clientes` DISABLE KEYS */;
INSERT INTO `clientes` VALUES (1,2264,1,5,1,'MIRIAN ROSENDO FERREIRA','14014556468','82','88015748','82','88341410','82','88501200','82','33712079',NULL,'1948-04-21','145898238','3','1458982383',0,NULL,'19100040','443452300',NULL,'500599414','103824079','16224'),(2,2264,1,5,1,'MARIA DE FATIMA VILAR TORRES','12949574491','82','91270035','82','99812655','82','32161600','82','33281119',NULL,'1955-01-24','100016443','5','1000164435',0,NULL,'19100040','443452300',NULL,'413344174','103824079','9061'),(3,2264,1,5,2,'JOAO SEBASTIAO DOS SANTOS FILHO','9877851415','82','88073121','82','33201540','82','32163521','0','0',NULL,'1956-03-05','153639036','1','1536390361',0,NULL,'19100040','443452300',NULL,'909665137','103824079','17234'),(4,2264,1,5,1,'IZABEL CRISTINA PONTES LIMA','1964594430','82','99341353','82','99013333','82','33134275','0','0',NULL,'1974-12-02','163237581','5','1632375815',0,NULL,'19100040','443452300',NULL,'503154546','924228188','68581'),(5,2264,1,5,1,'MARIA LUZIA LUNA TORRES DE MELO','38308355404','82','99090131','82','32315690','82','32211212','0','0',NULL,'1941-07-13','140238952','0','1402389520',0,NULL,'19100040','443452300',NULL,'502535451','103824079','59328'),(6,2264,1,5,2,'ARNOBIO DE SOUZA ALBUQUERQUE','11303077434','82','33366322','84','35253000','0','0','0','0',NULL,'1948-05-20','144924632','7','1449246327',0,NULL,'19100040','443452300',NULL,'909696247','103824079','17884'),(7,2264,1,5,1,'MARIA VERONICA DE MELO FERRARI','13995820468','82','99340019','82','93358754','82','33748182','0','0',NULL,'1953-04-09','167678962','3','1676789623',0,NULL,'19100040','443452300',NULL,'112035853','103824079','15277'),(8,2264,1,5,2,'CARLOS ALBERTO SALOMONI','23165081891','82','96057475','82','33169193','0','0','0','0',NULL,'1948-10-16','166364526','1','1663645261',0,NULL,'19100040','443452300',NULL,'904864738','103824079','36149'),(9,2264,1,5,2,'GERALDINO RODRIGUES DE ARAUJO','17733537487','82','32213752','0','0','0','0','0','0',NULL,'1944-01-16','134088492','2','1340884922',0,NULL,'19100040','443452300',NULL,'207009616','103824079','14982'),(10,2264,1,5,1,'MARIA APARECIDA SOUZA','13676881400','82','96595141','82','91170189','82','88962954','0','0',NULL,'1953-04-09','164094157','3','1640941573',0,NULL,'19100040','443452300',NULL,'105227043','103824079','206879'),(11,2264,1,5,2,'ALUISIO DE MENDONCA ALVES','16480481453','82','88059910','82','96082944','0','0','0','0',NULL,'1950-08-20','519852175','9','5198521759',0,NULL,'19100040','443452300',NULL,'206372975','103824079','195222'),(12,2264,1,5,1,'MARIA DE LOURDES DA CONCEICAO','15160963472','82','88290138','0','0','0','0','0','0',NULL,'1947-12-06','111335069','2','1113350692',0,NULL,'19100040','443452300',NULL,'207051230','103824079','18223'),(13,2264,1,5,1,'BRIGIDA CALHEIROS MURTA XAVIER COSTA','13982583420','82','88127444','82','88125744','82','91267768','82','33155233',NULL,'1952-02-12','147497526','4','1474975264',0,NULL,'19100040','443452300',NULL,'410770895','103824079','12604'),(14,2264,2,5,2,'ERINALDO DOS SANTOS','17063159534','82','35515347','82','35512265','0','0','0','0',NULL,'1955-05-22','161721336','2','1617213362',0,NULL,'19100040','443452300',NULL,'903426303','907761655','1154'),(15,2264,2,5,2,'JOSE ROBERTO LEMOS COSTA','9716955472','82','35512035','0','0','0','0','0','0',NULL,'1951-10-08','114326004','7','1143260047',0,NULL,'19100040','443452300',NULL,'500541793','103824079','23615'),(16,2264,2,5,2,'CLAUDIO LUIS DE CARVALHO COSTA','12874140449','82','99378486','82','99931186','82','35515023','0','0',NULL,'1951-05-23','153638436','1','1536384361',0,NULL,'19100040','443452300',NULL,'918528047','103824079','9657'),(17,2264,2,5,2,'JOSE DOMINGOS LACERDA','89792955887','82','91279626','82','93089965','82','35513282','0','0',NULL,'1942-01-11','118710237','4','1187102374',0,NULL,'19100040','443452300',NULL,'411354854','103824079','16245'),(18,2264,2,5,2,'NIVALDO FERREIRA DOS SANTOS','8733260400','82','99612238','82','35512987','0','0','0','0',NULL,'1948-09-20','128128388','3','1281283883',0,NULL,'19100040','443452300',NULL,'501152388','103824079','22425'),(19,2264,2,5,2,'LAUDELINO DE FRANCA','31033784400','82','91038377','82','35513962','0','0','0','0',NULL,'1941-02-07','140070554','9','1400705549',0,NULL,'19100040','443452300',NULL,'903401168','103824079','1130'),(20,2264,2,5,2,'LUIZ BATISTA MARTINS','13393502468','82','96062946','79','32881410','82','32172990','0','0',NULL,'1947-11-30','100004091','4','1000040914',0,NULL,'19100040','443452300',NULL,'500565286','103824079','17175'),(21,2264,2,5,2,'LUIS REIS CAMARAO','8809275420','82','91041080','82','99693611','82','35512911','0','0',NULL,'1953-12-15','129600908','1','1296009081',0,NULL,'19100040','443452300',NULL,'501464021','103824079','14231'),(22,2264,2,5,2,'JOSE RAIMUNDO DOS SANTOS','11303263491','82','91080155','0','0','0','0','0','0',NULL,'1951-05-31','104335214','4','1043352144',0,NULL,'19100040','443452300',NULL,'500565213','103824079','9808'),(23,2264,2,5,2,'EDVALDO DOS SANTOS','87366592820','82','99163655','82','99740294','0','0','0','0',NULL,'1951-08-12','134318976','1','1343189761',0,NULL,'19100040','443452300',NULL,'828522777','103824079','24555'),(24,2264,2,5,2,'JOSE VASCONCELOS','3177815453','82','99752246','82','35513619','0','0','0','0',NULL,'1941-05-12','130759356','6','1307593566',0,NULL,'19100040','443452300',NULL,'500522435','103824079','13325'),(25,2264,2,5,2,'MANOEL FERNANDES DOS SANTOS','13421735468','82','35513067','82','35516429','0','0','0','0',NULL,'1940-02-26','74694051','3','0746940513',0,NULL,'19100040','443452300',NULL,'500522772','103824079','18291'),(26,2264,2,5,1,'MARIA JUDITE MARINHO PEIXOTO','49524127415','82','35513184','0','0','0','0','0','0',NULL,'1955-06-10','47028812','4','0470288124',0,NULL,'19100040','443452300',NULL,'502051249','103824079','20906'),(27,2264,2,5,2,'JOSE JUSTINO DA SILVA','11259590453','82','99241186','82','35513187','82','35512597','82','33556054',NULL,'1951-10-24','106326882','3','1063268823',0,NULL,'19100040','443452300',NULL,'904721867','103824079','13625'),(28,2264,2,5,2,'ANTONIO FIRMINO DOS SANTOS','52493806468','82','96504990','0','0','0','0','0','0',NULL,'1966-05-30','535725734','1','5357257341',0,NULL,'19100040','443452300',NULL,'905161313','103824079','21370'),(29,2264,2,5,1,'MARIA DAS GRACAS TENORIO DANTAS','20789963434','82','88027959','79','88080519','0','0','0','0',NULL,'1955-08-10','148562366','6','1485623666',0,NULL,'19100040','443452300',NULL,'110003056','103824079','20040'),(30,2264,2,5,1,'CLAUDETE DOS SANTOS MOREIRA','41240464487','82','88371504','82','91262910','82','35513949','0','0',NULL,'1947-01-02','108290565','5','1082905655',0,NULL,'19100040','443452300',NULL,'924227027','103824079','11072'),(31,2264,2,5,2,'JOSE ROBERTO DE MATOS','11113781858','82','96068883','0','0','0','0','0','0',NULL,'1967-09-01','533324056','2','5333240562',0,NULL,'19100040','443452300',NULL,'933985162','103824079','23130'),(32,2264,2,5,1,'GISELMA OLIVEIRA DOS SANTOS','52550206487','82','99717734','82','91018570','82','91273988','82','35583018',NULL,'1968-08-05','135968620','4','1359686204',0,NULL,'19100040','443452300',NULL,'503174991','103824079','23382'),(33,2264,2,5,2,'MATHEUS LESSA DOS SANTOS','6402355496','82','93221134','82','35515098','0','0','0','0',NULL,'1995-09-14','166013367','7','1660133677',0,NULL,'19100040','443452300',NULL,'445865455','512476658','24668'),(34,2264,2,5,1,'MARIA APARECIDA LIMA SANTOS','63681340463','82','93046180','0','0','0','0','0','0',NULL,'1952-01-20','83500759','6','0835007596',0,NULL,'19100040','443452300',NULL,'927994952','103824079','12359'),(35,2264,2,5,1,'MARIA FERREIRA DOS SANTOS','30949904449','82','88003125','82','99220200','82','35515930','82','35514672',NULL,'1940-10-18','130759400','7','1307594007',0,NULL,'19100040','443452300',NULL,'305549313','103824079','19783'),(36,2264,2,5,1,'KARLA REGINA ALMEIDA LIMA','3964734403','82','91254755','82','88378666','82','35515243','0','0',NULL,'1981-05-16','166013226','3','1660132263',0,NULL,'19100040','443452300',NULL,'416807043','106159868','7523'),(37,2264,2,5,2,'CLAUDIONOR DE JESUS SANTOS','4912195472','82','93157422','82','88763353','0','0','0','0',NULL,'1950-04-05','117028278','1','1170282781',0,NULL,'19100040','443452300',NULL,'914148333','103824079','9031'),(38,2264,2,5,2,'JOSE FRANCISCO DA CONCEICAO SANTANA','31033920444','82','91631778','0','0','0','0','0','0',NULL,'1961-08-13','159316514','2','1593165142',0,NULL,'19100040','443452300',NULL,'510135919','103824079','21703'),(39,2264,2,5,1,'MARIA MADALENA FERREIRA PIRES','14468654449','82','88661890','82','88523400','82','35516773','0','0',NULL,'1951-01-30','141718721','0','1417187210',0,NULL,'19100040','443452300',NULL,'903439992','103824079','1179'),(40,2264,2,5,2,'JOSE CARLOS SANTOS','4909160400','82','99752650','0','0','0','0','0','0',NULL,'1946-01-21','47487050','2','0474870502',0,NULL,'19100040','443452300',NULL,'412387027','103824079','8035'),(41,2264,2,5,2,'ANGELO CAMOES ALVES SANTOS','55276571791','82','35512823','0','0','0','0','0','0',NULL,'1959-04-01','552736398','8','5527363988',0,NULL,'19100040','443452300',NULL,'500522850','103824079','18544'),(42,2264,2,5,1,'ADENICE VIEIRA DA SILVA','6996552850','82','99355933','82','99241561','82','35513066','0','0',NULL,'1958-06-30','108756948','3','1087569483',0,NULL,'19100040','443452300',NULL,'503063144','103824079','28173'),(43,2264,2,5,1,'TEREZINHA CORREIA DE FARIAS','69408793587','82','88285929','82','91555310','82','91514257','0','0',NULL,'1950-03-01','137935489','4','1379354894',0,NULL,'19100040','443452300',NULL,'910961077','103824079','20789'),(44,2264,2,5,2,'JOSE ALVARO GALDINO','85968358491','82','99347499','0','0','0','0','0','0',NULL,'1971-01-12','552740062','0','5527400620',0,NULL,'19100040','443452300',NULL,'417789557','103824079','23600'),(45,2264,2,5,1,'ARACI ALVES SANTIAGO','51618834487','82','35514512','0','0','0','0','0','0',NULL,'1949-08-11','149032247','4','1490322474',0,NULL,'19100040','443452300',NULL,'110002782','103824079','88300226'),(46,2264,2,5,1,'TEREZINHA DE JESUS DA CRUZ','4270679441','82','96443529','82','99091460','0','0','0','0',NULL,'1947-04-16','123686010','9','1236860109',0,NULL,'19100040','443452300',NULL,'420855488','103824079','11138'),(47,2264,2,5,1,'DINA ANTONIA DA SILVA PEREIRA','63018683404','82','94131516','82','96975304','82','91812071','0','0',NULL,'1953-12-20','75587822','1','0755878221',0,NULL,'19100040','443452300',NULL,'704382967','103824079','24533'),(48,2264,2,5,1,'GISLENE DE FRANCA SANTOS DA SILVA','45731667420','82','35526066','0','0','0','0','0','0',NULL,'1955-08-30','10137901','3','0101379013',0,NULL,'19100040','443452300',NULL,'412076820','103824079','8239'),(49,2264,2,5,1,'LIDIANE FERREIRA RODRIGUES','2967086401','82','88275569','82','99319757','0','0','0','0',NULL,'1977-07-07','126624141','5','1266241415',0,NULL,'19100040','443452300',NULL,'924003122','103824079','11027'),(50,2264,2,5,2,'JOAO TENORIO BARROS','52493792491','82','96846467','0','0','0','0','0','0',NULL,'1941-03-14','122291859','2','1222918592',0,NULL,'19100040','443452300',NULL,'421832572','103824079','11583'),(51,2264,2,5,1,'BERNADETE FLORENCIO DA SILVA','46891650410','82','96767230','11','47863098','11','20581905','0','0',NULL,'1950-07-10','139151185','6','1391511856',0,NULL,'19100040','443452300',NULL,'426228147','103824079','17321'),(52,2264,2,5,2,'LUIZ PEDRO DA SILVA','20885113420','82','91132375','82','99752340','0','0','0','0',NULL,'1940-04-05','138085653','9','1380856539',0,NULL,'19100040','443452300',NULL,'502976233','103824079','7841'),(53,2264,2,5,2,'SERGIO ROBERTO DOS SANTOS','50366041568','82','88623610','82','35515520','0','0','0','0',NULL,'1960-11-02','139151038','8','1391510388',0,NULL,'19100040','443452300',NULL,'33152272','103824079','22518'),(54,2264,2,5,1,'TEREZINHA GOMES','65936760472','82','99753860','82','88411097','82','35513082','0','0',NULL,'1940-06-28','138085913','9','1380859139',0,NULL,'19100040','443452300',NULL,'331449930','103824079','19143'),(55,2264,2,5,2,'ANTONIO JESUINO DA CRUZ','1847402402','82','99568395','0','0','0','0','0','0',NULL,'1951-03-10','148051537','7','1480515377',0,NULL,'19100040','443452300',NULL,'416856656','0','7588'),(56,2264,2,5,1,'ANGELINA JOSE DA SILVA CRUZ','2197238426','82','96626505','82','35513957','0','0','0','0',NULL,'1960-12-11','124985724','1','1249857241',0,NULL,'19100040','443452300',NULL,'421661200','103824079','21361'),(57,2264,2,5,1,'ARLINDA SISINO DA SILVA','3553144440','82','88063512','82','35513289','0','0','0','0',NULL,'1963-09-28','534179765','1','5341797651',0,NULL,'19100040','443452300',NULL,'606597026','103824079','18532'),(58,2264,2,5,1,'LUZINETE MARIA DA CONCEICAO SANTOS','3698263459','82','99261229','82','35512153','0','0','0','0',NULL,'1940-12-22','519717759','0','5197177590',0,NULL,'19100040','443452300',NULL,'704165415','103824079','17609'),(59,2264,2,5,2,'ELISALVO RAMOS DE SOUZA','20788614487','82','96625630','82','99616598','0','0','0','0',NULL,'1945-05-14','151087230','0','1510872300',0,NULL,'19100040','443452300',NULL,'910540532','103824079','24160'),(60,2264,2,5,2,'ANTONIO TAVARES','27694666404','82','88411926','82','35512193','0','0','0','0',NULL,'1949-12-03','152107172','9','1521071729',0,NULL,'19100040','443452300',NULL,'922209268','103824079','12698'),(61,2264,2,5,1,'LIBANIA LINS SILVA','13354159472','82','35513122','82','35513079','0','0','0','0',NULL,'1951-09-12','122050488','0','1220504880',0,NULL,'19100040','443452300',NULL,'110002974','103824079','5579'),(62,2264,2,5,2,'GILBERTO FERREIRA','21585814415','82','35548522','0','0','0','0','0','0',NULL,'1941-09-23','121732229','6','1217322296',0,NULL,'19100040','443452300',NULL,'306048456','103824079','17164'),(63,2264,2,5,2,'JOAO BATISTA PEIXOTO DA SILVA','2311672452','82','93530323','82','35515846','0','0','0','0',NULL,'1975-06-07','133934765','0','1339347650',0,NULL,'19100040','443452300',NULL,'211218513','103824079','17892'),(64,2264,2,5,1,'MARINALVA SANTOS NOGUEIRA','34663088449','82','91619673','0','0','0','0','0','0',NULL,'1953-10-09','522232874','7','5222328747',0,NULL,'19100040','443452300',NULL,'305481459','103824079','25003'),(65,2264,2,5,2,'EDVALDO CORREIA','49421131487','82','93194158','0','0','0','0','0','0',NULL,'1947-03-28','551230420','4','5512304204',0,NULL,'19100040','443452300',NULL,'509791480','103824079','21438'),(66,2264,2,5,1,'MARIA LUCI MONTEIRO DE BARROS','3322322475','82','88311162','0','0','0','0','0','0',NULL,'1943-08-07','111510238','6','1115102386',0,NULL,'19100040','443452300',NULL,'916357428','103824079','23805'),(67,2264,2,5,2,'LUIZ LAURINDO DOS SANTOS','28096568434','82','99729711','0','0','0','0','0','0',NULL,'1947-06-21','148274662','7','1482746627',0,NULL,'19100040','443452300',NULL,'416856781','103824079','7839'),(68,2264,2,5,1,'MARIA DE LOURDES CRUZ SANTOS','78761573434','82','87141205','82','35513029','11','25852111','0','0',NULL,'1945-07-31','113761330','8','1137613308',0,NULL,'19100040','443452300',NULL,'415466509','103824079','13355'),(69,2264,2,5,2,'AFONSO JOSE DA SILVA','26526832504','82','99329696','0','0','0','0','0','0',NULL,'1946-06-05','535423924','5','5354239245',0,NULL,'19100040','443452300',NULL,'330882363','103824079','19141'),(70,2264,2,5,1,'RENIA GRAZIELE MATIAS CADETE','8047110462','82','99336747','82','96614562','0','0','0','0',NULL,'1990-11-18','103486077','9','1034860779',0,NULL,'19100040','443452300',NULL,'442281308','103824079','20324'),(71,2264,2,5,2,'ROBERTO DOS SANTOS','88868770482','82','35513044','0','0','0','0','0','0',NULL,'1967-11-07','538539215','0','5385392150',0,NULL,'19100040','443452300',NULL,'331642921','103824079','19727'),(72,2264,2,5,1,'IRACI DA SILVA','24026409449','82','99805190','82','99959915','0','0','0','0',NULL,'1955-06-03','159248147','4','1592481474',0,NULL,'19100040','443452300',NULL,'331607631','103824079','23055'),(73,2264,2,5,1,'MARIA JULIGIA OLIVEIRA SILVA','26001470472','82','99087717','82','35515124','0','0','0','0',NULL,'1949-04-22','546668071','7','5466680717',0,NULL,'19100040','443452300',NULL,'906256251','0','5150'),(74,2264,2,5,1,'LIEZITA DA CRUZ FARIAS','1974972410','82','93065138','82','36665524','0','0','0','0',NULL,'1950-10-11','138828713','4','1388287134',0,NULL,'19100040','443452300',NULL,'426035759','103824079','19245'),(75,2264,2,5,2,'RIVALTINO PERICLES SILVA RAMOS','38207567520','82','91094349','0','0','0','0','0','0',NULL,'1951-12-03','60091285','0','0600912850',0,NULL,'19100040','443452300',NULL,'413777887','103824079','8022'),(76,2264,2,5,2,'NEILTON FERREIRA DA SILVA','74013432404','82','93955839','0','0','0','0','0','0',NULL,'1967-04-18','121501651','1','1215016511',0,NULL,'19100040','443452300',NULL,'414718317','103824079','10616'),(77,2264,2,5,1,'CICERA SANTOS DA SILVA','55910840444','82','96145553','82','93414383','0','0','0','0',NULL,'1954-12-28','111041185','2','1110411852',0,NULL,'19100040','443452300',NULL,'331328337','103824079','19227'),(78,2264,2,5,1,'IRACI SOUZA SILVA','14506246420','82','91417542','82','99314798','0','0','0','0',NULL,'1943-05-12','40226629','3','0402266293',0,NULL,'19100040','443452300',NULL,'412179188','103824079','7193'),(79,2264,2,5,2,'JOSE PEDRO ALEXANDRE','31864929472','82','88965092','0','0','0','0','0','0',NULL,'1950-03-11','129921481','6','1299214816',0,NULL,'19100040','443452300',NULL,'932625258','103824079','14236'),(80,2264,2,5,2,'JUVENAL NICACIO CHAVES','21082200468','82','35512428','82','35513710','0','0','0','0',NULL,'1941-10-10','122050405','7','1220504057',0,NULL,'19100040','443452300',NULL,'419810916','103824079','11155'),(81,2264,2,5,1,'ZENILDA MARIA DOS SANTOS','31381418899','82','96312914','82','99453235','11','43399662','0','0',NULL,'1961-04-27','539025287','6','5390252876',0,NULL,'19100040','443452300',NULL,'331663632','0','23368'),(82,2264,2,5,2,'NATANIEL DA SILVA','7360822475','82','91601529','0','0','0','0','0','0',NULL,'1978-08-01','546657373','2','5466573732',0,NULL,'19100040','443452300',NULL,'305889199','103824079','24630'),(83,2264,2,5,1,'MARIA APARECIDA DA SILVA','95752340497','82','88391138','82','99062625','82','35515868','82','35513964',NULL,'1958-07-04','147204694','0','1472046940',0,NULL,'19100040','443452300',NULL,'930535778','103824079','17988'),(84,2264,2,5,1,'LIZETE DOS SANTOS','6527539819','82','99046011','82','35512543','0','0','0','0',NULL,'1955-05-15','137227443','7','1372274437',0,NULL,'19100040','443452300',NULL,'919484132','103824079','24904'),(85,2264,2,5,2,'ZILTON CANUTO','8733732434','82','93144315','82','99996511','82','35516041','0','0',NULL,'1945-09-06','124092094','3','1240920943',0,NULL,'19100040','443452300',NULL,'421049886','103824079','11705'),(86,2264,2,5,2,'FRANCISCO BARBOSA DOS SANTOS','24129232649','82','99064747','0','0','0','0','0','0',NULL,'1949-11-21','144931925','1','1449319251',0,NULL,'19100040','443452300',NULL,'500523775','103824079','20124'),(87,2264,2,5,2,'AFONSO FERREIRA DA SILVA','30992613434','82','88157387','0','0','0','0','0','0',NULL,'1941-09-29','112078405','8','1120784058',0,NULL,'19100040','443452300',NULL,'330221388','103824079','17878'),(88,2264,2,5,2,'PEDRO PEREIRA DA SILVA','14442183449','82','87398804','0','0','0','0','0','0',NULL,'1951-07-29','122600368','8','1226003688',0,NULL,'19100040','443452300',NULL,'415122119','103824079','10135'),(89,2264,2,5,2,'JOSE CARDOSO DOS SANTOS','36154598734','82','99304995','82','35515025','0','0','0','0',NULL,'1949-04-06','143789685','2','1437896852',0,NULL,'19100040','443452300',NULL,'501283290','103824079','22868'),(90,2264,2,5,2,'NELSON ALVES DOS SANTOS FILHO','49420208400','82','35512186','0','0','0','0','0','0',NULL,'1965-05-07','150582208','1','1505822081',0,NULL,'19100040','443452300',NULL,'105399004','103824079','20314'),(91,2264,2,5,1,'MARIA DE LOURDES SANTOS COSTA','43736467400','82','88156938','82','35514766','82','35514509','0','0',NULL,'1945-02-01','136452343','1','1364523431',0,NULL,'19100040','443452300',NULL,'502436419','103824079','5573'),(92,2264,2,5,2,'APRIGIO JORGE BEZERRA','45348782904','82','96711546','0','0','0','0','0','0',NULL,'1943-01-10','130938214','7','1309382147',0,NULL,'19100040','443452300',NULL,'415091252','0','9369'),(93,2264,2,5,2,'JOAO RIBEIRO SOBRINHO','28982371591','82','35512069','82','35515654','0','0','0','0',NULL,'1962-04-26','77972193','4','0779721934',0,NULL,'19100040','443452300',NULL,'412977715','103824079','9103'),(94,2264,2,5,1,'MARIA PLACIDO DA COSTA SANTOS','38265192487','82','99201004','0','0','0','0','0','0',NULL,'1953-05-10','144191763','0','1441917630',0,NULL,'19100040','443452300',NULL,'331785127','103824079','21656'),(95,2264,2,5,2,'ELIO MELICIO DOS SANTOS','36620297404','82','81732844','0','0','0','0','0','0',NULL,'1940-03-30','116211154','0','1162111540',0,NULL,'19100040','443452300',NULL,'415856793','0','25176'),(96,2264,2,5,1,'MARIA LUCINDA DOS SANTOS','1075634440','82','88813943','82','35513637','0','0','0','0',NULL,'1977-06-30','531479757','3','5314797573',0,NULL,'19100040','443452300',NULL,'510621437','103824079','22536'),(97,2264,2,5,1,'MARINALVA MARIA DOS SANTOS PEREIRA','88873404472','82','93313139','0','0','0','0','0','0',NULL,'1965-08-11','112078260','8','1120782608',0,NULL,'19100040','443452300',NULL,'926494229','103824079','11513'),(98,2264,2,5,1,'MARLEIDE GOMES DA SILVA','95607650430','82','35513043','82','35513228','0','0','0','0',NULL,'1967-01-12','111551573','7','1115515737',0,NULL,'19100040','443452300',NULL,'926562487','103824079','11573'),(99,2264,2,5,1,'MARIA DAS GRACAS SOUZA GOMES','82763577415','82','93818562','82','88272291','82','35516461','0','0',NULL,'1951-05-18','128552010','3','1285520103',0,NULL,'19100040','443452300',NULL,'905386181','103824079','5731'),(100,2264,2,5,1,'MARIA PATRICIA DA SILVA','8640396469','82','91718952','0','0','0','0','0','0',NULL,'1986-10-20','151539386','8','1515393868',0,NULL,'19100040','443452300',NULL,'441264375','103824079','19679'),(101,2264,2,5,1,'DANIELLY GARCIA DE OLIVEIRA SANTOS','1368758401','82','88161853','82','35516718','0','0','0','0',NULL,'1983-05-25','148562323','2','1485623232',0,NULL,'19100040','443452300',NULL,'606342454','103824079','18375'),(102,2264,2,5,1,'MARINUBIA DOS SANTOS','57423032549','82','35581510','0','0','0','0','0','0',NULL,'1962-04-08','147204523','5','1472045235',0,NULL,'19100040','443452300',NULL,'605086626','103824079','17741'),(103,2264,3,5,1,'IOLANDA REGO MELO','16450523468','82','99187066','82','99882157','82','33264788','0','0',NULL,'1953-01-06','130142821','0','1301428210',0,NULL,'19100040','443452300',NULL,'924034606','103824079','15246'),(104,2264,3,5,1,'MELANIA CAJE TORRES SANTOS','9246983491','82','96980055','82','96761555','82','99143237','82','32831421',NULL,'1948-09-14','102996930','0','1029969300',0,NULL,'19100040','443452300',NULL,'503197458','103824079','6982'),(105,2264,3,5,1,'MARLUCE DIAS DE LIMA','51003368468','82','99770024','0','0','0','0','0','0',NULL,'1946-03-03','139230049','2','1392300492',0,NULL,'19100040','443452300',NULL,'703077782','103824079','13858'),(106,2264,3,5,1,'EVA FERREIRA DE HOLANDA','92523293404','82','91494901','82','32041238','0','0','0','0',NULL,'1950-05-01','139215772','0','1392157720',0,NULL,'19100040','443452300',NULL,'503198037','103824079','20573'),(107,2264,3,5,1,'ADEILDE LIMA MOTA','2001311419','82','91186860','82','33541835','0','0','0','0',NULL,'1947-03-16','28297286','2','0282972862',0,NULL,'19100040','443452300',NULL,'412124473','103824079','10054'),(108,2264,3,5,1,'SEBASTIANA RAMALHO DA SILVA','8991370837','82','93524890','0','0','0','0','0','0',NULL,'1954-04-29','63667456','8','0636674568',0,NULL,'19100040','443452300',NULL,'203574699','103824079','20289'),(109,2264,3,5,1,'ZENILDA JERONIMO DA SILVA','98573420430','82','99871895','0','0','0','0','0','0',NULL,'1948-12-23','136607821','4','1366078214',0,NULL,'19100040','443452300',NULL,'304490004','103824079','13963'),(110,2264,3,5,2,'GERVASIO RODRIGUES DA SILVA','81143036891','82','99895795','0','0','0','0','0','0',NULL,'1950-04-29','128551823','0','1285518230',0,NULL,'19100040','443452300',NULL,'500532463','103824079','10337'),(111,2264,3,5,1,'MARIA MADALENA BARBOSA','34838520425','82','99414414','82','99125501','82','96837360','82','32881331',NULL,'1951-09-04','128046811','1','1280468111',0,NULL,'19100040','443452300',NULL,'304067399','103824079','16683'),(112,2264,3,5,1,'MARIA NUNES DA COSTA SILVA','87042282434','82','96415469','82','32831363','0','0','0','0',NULL,'1949-04-15','113697918','0','1136979180',0,NULL,'19100040','443452300',NULL,'919695434','103824079','8835'),(113,2264,3,5,1,'MARIA DAS DORES SEVERIANO DE OLIVEIRA','74134558468','82','96976192','82','32831642','0','0','0','0',NULL,'1947-11-19','117575328','6','1175753286',0,NULL,'19100040','443452300',NULL,'500532552','103824079','19628'),(114,2264,3,5,1,'JOSEFA JANUARIO DA SILVA','8867430440','82','32831362','0','0','0','0','0','0',NULL,'1951-05-10','114325837','9','1143258379',0,NULL,'19100040','443452300',NULL,'209726324','103824079','14808'),(115,2264,3,5,2,'JOSE OLIVEIRA DA SILVA','4126951466','82','32831365','0','0','0','0','0','0',NULL,'1941-05-13','28278110','2','0282781102',0,NULL,'19100040','443452300',NULL,'412123972','103824079','11787'),(116,2264,3,5,1,'PEROLINA MOREIRA DE NAZARE','2240847476','82','91526187','0','0','0','0','0','0',NULL,'1939-10-11','115017421','5','1150174215',0,NULL,'19100040','443452300',NULL,'415541174','103824079','14818'),(117,2264,3,5,2,'JOAO DA SILVA SANTOS','4631793406','82','93167092','0','0','0','0','0','0',NULL,'1981-11-15','521565190','2','5215651902',0,NULL,'19100040','443452300',NULL,'421919963','103824079','16676'),(118,2264,3,5,1,'MARIA JOSE DOS SANTOS','35483784472','82','32831362','0','0','0','0','0','0',NULL,'1945-06-28','139216580','3','1392165803',0,NULL,'19100040','443452300',NULL,'500533280','103824079','14363'),(119,2264,3,5,2,'PEDRO ALVES FERREIRA','8043637490','82','96457457','0','0','0','0','0','0',NULL,'1944-09-13','139216714','8','1392167148',0,NULL,'19100040','443452300',NULL,'936034091','103824079','13709'),(120,2264,3,5,1,'AMELIA HENRIQUE DA SILVA','98570579420','82','96760007','0','0','0','0','0','0',NULL,'1961-01-09','157847553','5','1578475535',0,NULL,'19100040','443452300',NULL,'445735544','103824079','20154'),(121,2264,3,5,1,'PETRUCIA APOLINARIO DA SILVA','50482858400','87','99148695','0','0','0','0','0','0',NULL,'1949-08-06','139230095','6','1392300956',0,NULL,'19100040','443452300',NULL,'112043887','103824079','13831'),(122,2264,3,5,1,'MARIA FRANCISCA DE ARAUJO','63030080463','82','91030452','0','0','0','0','0','0',NULL,'1944-06-20','139217055','6','1392170556',0,NULL,'19100040','443452300',NULL,'304418572','103824079','13828'),(123,2264,3,5,1,'JOSEFA ARACI DA CONCEICAO','4902170442','82','88269343','0','0','0','0','0','0',NULL,'1942-09-02','131260962','9','1312609629',0,NULL,'19100040','443452300',NULL,'936121972','103824079','13687'),(124,2264,3,5,2,'MANOEL DA SILVA','45371482415','82','32821985','0','0','0','0','0','0',NULL,'1943-10-09','136761274','5','1367612745',0,NULL,'19100040','443452300',NULL,'443123696','103824079','18424'),(125,2264,3,5,2,'HAROLDO LOURENCO DA SILVA','44261772434','82','32831555','0','0','0','0','0','0',NULL,'1944-07-06','40217506','9','0402175069',0,NULL,'19100040','443452300',NULL,'902056523','103824079','1617'),(126,2264,3,5,1,'MARIA DO CARMO ALVES DA SILVA','44879695491','82','99362497','82','32841768','0','0','0','0',NULL,'1940-05-05','123686842','8','1236868428',0,NULL,'19100040','443452300',NULL,'422019895','103824079','19133'),(127,2264,3,5,1,'AURELINA ARTUR AURELIANO DA SILVA','64438368472','82','91511562','0','0','0','0','0','0',NULL,'1945-12-10','139216728','8','1392167288',0,NULL,'19100040','443452300',NULL,'35822638','103824079','13553'),(128,2264,3,5,2,'CARLOS DE SALES BELEM','811734404','82','91199886','82','99734561','82','32213453','82','33245488',NULL,'1939-10-11','120771748','4','1207717484',0,NULL,'19100040','443452300',NULL,'112792033','103824079','15269'),(129,2264,3,5,2,'JOSE FRANCISCO DA SILVA IZIDORIO','1965121403','82','91757471','0','0','0','0','0','0',NULL,'1958-09-15','138220883','6','1382208836',0,NULL,'19100040','443452300',NULL,'30938720','103824079','12127'),(130,2264,3,5,2,'ANTONIO CLARINDO MEDEIROS','4796959467','82','32831362','0','0','0','0','0','0',NULL,'1940-05-03','139215787','8','1392157878',0,NULL,'19100040','443452300',NULL,'32323360','103824079','13618'),(131,2264,3,5,2,'ANTONIO SABINO DA SILVA','4754710401','82','32831362','0','0','0','0','0','0',NULL,'1940-02-29','139216614','1','1392166141',0,NULL,'19100040','443452300',NULL,'35801975','103824079','13562'),(132,2264,3,5,1,'OTELINA LOURENCO DOS SANTOS','56381980400','82','32831102','82','32831208','0','0','0','0',NULL,'1941-06-24','139216869','1','1392168691',0,NULL,'19100040','443452300',NULL,'35940059','103824079','13549'),(133,2264,3,5,2,'CICERO SANTANA DA COSTA','6109829404','82','99130843','82','33360720','0','0','0','0',NULL,'1945-05-23','134004164','0','1340041640',0,NULL,'19100040','443452300',NULL,'104813015','103824079','7998'),(134,2264,3,5,1,'GERSINA CARLOS DA SILVA','3342221410','82','32831533','0','0','0','0','0','0',NULL,'1950-07-10','124985127','8','1249851278',0,NULL,'19100040','443452300',NULL,'304204975','103824079','14471'),(135,2264,3,5,1,'MARIA ODETE LAUDELINO DE OLIVEIRA','4850587402','82','93011183','0','0','0','0','0','0',NULL,'1943-01-10','531903717','8','5319037178',0,NULL,'19100040','443452300',NULL,'307428704','103824079','15898'),(136,2264,3,5,2,'AGILVAN ARGEMIRO MARTINS','16358430491','82','96450252','82','96246133','0','0','0','0',NULL,'1954-03-11','553876831','3','5538768313',0,NULL,'19100040','443452300',NULL,'331125200','103824079','19100'),(137,2264,3,5,1,'EUNICE MARIA DE JESUS','2187830438','82','91635678','0','0','0','0','0','0',NULL,'1954-04-28','149341787','5','1493417875',0,NULL,'19100040','443452300',NULL,'334118021','103824079','20235'),(138,2264,3,5,1,'ALESSANDRA DA SILVA LUCENA','2196551465','82','81236311','82','99220245','82','88281936','82','32831624',NULL,'1976-01-08','105607740','6','1056077406',0,NULL,'19100040','443452300',NULL,'414917284','103824079','16520'),(139,2264,3,5,1,'MARIA VERONICA DA COSTA PEREIRA','3303235473','82','93661433','0','0','0','0','0','0',NULL,'1976-11-26','108386137','6','1083861376',0,NULL,'19100040','443452300',NULL,'415096800','103824079','10412'),(140,2264,3,5,2,'JOAO TENORIO CAVALCANTE FILHO','1835667422','82','91711230','0','0','0','0','0','0',NULL,'1975-06-18','115915409','8','1159154098',0,NULL,'19100040','443452300',NULL,'417467923','103824079','10791'),(141,2264,3,5,1,'ELVIRA JOSEFA DA CONCEICAO','10100965407','82','99382685','82','93078693','0','0','0','0',NULL,'1940-06-08','540161477','9','5401614779',0,NULL,'19100040','443452300',NULL,'441673679','103824079','16269'),(142,2264,3,5,1,'RITA FELISBELA DE JESUS','8021900490','82','91767563','82','32830519','0','0','0','0',NULL,'1941-01-03','519978922','4','5199789224',0,NULL,'19100040','443452300',NULL,'444275428','103824079','19071'),(143,2264,3,5,1,'MARINETE SALUSTIANO SILVA','39757994472','82','91412746','0','0','0','0','0','0',NULL,'1944-08-02','541565327','5','5415653275',0,NULL,'19100040','443452300',NULL,'507199141','103824079','16267'),(144,2264,3,5,2,'ZENALVO SABINO DA SILVA','36327751415','82','99800868','0','0','0','0','0','0',NULL,'1954-01-22','521993011','3','5219930113',0,NULL,'19100040','443452300',NULL,'509070293','103824079','18324'),(145,2264,3,5,2,'LUCIANO RODRIGUES TENORIO E SILVA','87039885468','82','32831844','0','0','0','0','0','0',NULL,'1970-04-21','105607737','6','1056077376',0,NULL,'19100040','443452300',NULL,'912215410','103824079','6515'),(146,2264,3,5,2,'JOSE CICERO PEREIRA','20843992468','82','96961314','0','0','0','0','0','0',NULL,'1943-02-05','135482350','5','1354823505',0,NULL,'19100040','443452300',NULL,'936211666','103824079','13684'),(147,2264,3,5,2,'JOSE APRIGIO PEREIRA','16360222434','82','99532827','0','0','0','0','0','0',NULL,'1942-01-29','141492261','0','1414922610',0,NULL,'19100040','443452300',NULL,'304956892','103824079','13827'),(148,2264,3,5,2,'ERALDO VICENTE DA SILVA','4553888491','82','99141222','82','91046197','0','0','0','0',NULL,'1949-05-12','139215784','3','1392157843',0,NULL,'19100040','443452300',NULL,'416673093','103824079','6536'),(149,2264,3,5,2,'JOSE BELARMINO DE LIMA','38338572420','82','99890199','0','0','0','0','0','0',NULL,'1946-03-26','139217054','8','1392170548',0,NULL,'19100040','443452300',NULL,'418728439','103824079','14009'),(150,2264,3,5,1,'CREUZA JOSEFA DA CONCEICAO GOIS','4075768430','82','93964974','0','0','0','0','0','0',NULL,'1940-02-20','122449250','9','1224492509',0,NULL,'19100040','443452300',NULL,'934607064','103824079','13730'),(151,2264,3,5,1,'MARIA ADRIANA DA SILVA','1349270440','82','93444745','0','0','0','0','0','0',NULL,'1977-10-20','123780851','8','1237808518',0,NULL,'19100040','443452300',NULL,'604347679','103824079','14216'),(152,2264,3,5,1,'JOSEFA SERAFIM MONTEIRO DA SILVA','5393369476','82','91024241','0','0','0','0','0','0',NULL,'1947-05-07','136761282','6','1367612826',0,NULL,'19100040','443452300',NULL,'508473570','103824079','16641'),(153,2264,3,5,1,'MARIA EUZA LAURINDO','52745457420','82','99162549','0','0','0','0','0','0',NULL,'1947-03-23','139216074','7','1392160747',0,NULL,'19100040','443452300',NULL,'914376523','103824079','13816'),(154,2264,3,5,1,'CICERA BARBOSA DOS SANTOS','86098438404','82','93444858','0','0','0','0','0','0',NULL,'1952-04-22','41655969','7','0416559697',0,NULL,'19100040','443452300',NULL,'931409007','103824079','11238'),(155,2264,3,5,1,'MARIA DA SILVA','3575735441','82','99186724','0','0','0','0','0','0',NULL,'1940-08-12','119623461','0','1196234610',0,NULL,'19100040','443452300',NULL,'420312250','103824079','10209'),(156,2264,3,5,1,'MARIA MARGARIDA FLORENOS DOS SANTOS','105519480','82','96230988','82','32411678','0','0','0','0',NULL,'1946-08-04','140330936','9','1403309369',0,NULL,'19100040','443452300',NULL,'445788801','103824079','20218'),(157,2264,3,5,1,'BENEDITA MARIA DO ESPIRITO SANTO VIANA','2127394410','82','96456815','0','0','0','0','0','0',NULL,'1958-05-10','136761310','5','1367613105',0,NULL,'19100040','443452300',NULL,'304131336','103824079','13838'),(158,2264,3,5,1,'MARIA BELARMINO DA SILVA','60996242449','82','88538029','82','32237274','82','33737290','0','0',NULL,'1944-04-06','139215734','7','1392157347',0,NULL,'19100040','443452300',NULL,'111048038','103824079','14046'),(159,2264,3,5,2,'MANOEL TENORIO FLORENTINO','33131961449','82','99365241','0','0','0','0','0','0',NULL,'1942-01-30','136761286','9','1367612869',0,NULL,'19100040','443452300',NULL,'930085071','103824079','14820'),(160,2264,3,5,1,'IVONEIDE VIEIRA DA SILVA','12221232747','82','93677672','0','0','0','0','0','0',NULL,'1966-09-07','162760376','7','1627603767',0,NULL,'19100040','443452300',NULL,'446048565','103824079','20362'),(161,2264,3,5,1,'MARIA MARGARIDA RODRIGUES MATA','65275608420','82','96562324','82','99008106','0','0','0','0',NULL,'1940-01-28','123979121','3','1239791213',0,NULL,'19100040','443452300',NULL,'502835613','103824079','10237'),(162,2264,3,5,1,'MARIA DA CONCEICAO EPIFANIO FERREIRA','86003437472','82','32831315','82','32831308','0','0','0','0',NULL,'1946-01-10','90053056','1','0900530561',0,NULL,'19100040','443452300',NULL,'917117807','103824079','7777'),(163,2264,3,5,2,'JOSE DA CONCEICAO','9094419440','82','96233458','0','0','0','0','0','0',NULL,'1942-03-08','522691334','2','5226913342',0,NULL,'19100040','443452300',NULL,'305835564','0','18315'),(164,2264,3,5,2,'ZACARIAS DUARTE SAMPAIO','16360869420','82','99663307','0','0','0','0','0','0',NULL,'1945-09-10','114677381','9','1146773819',0,NULL,'19100040','443452300',NULL,'415522183','103824079','6637'),(165,2264,3,5,1,'MARIA LAURINDA CORREIA','3855847410','82','99452519','82','99256341','82','91327952','82','91214563',NULL,'1941-08-20','114677337','1','1146773371',0,NULL,'19100040','443452300',NULL,'417466191','103824079','16266'),(166,2264,3,5,2,'JOSE FELICIANO DA SILVA','80309526434','82','96008291','0','0','0','0','0','0',NULL,'1944-04-22','139216400','9','1392164009',0,NULL,'19100040','443452300',NULL,'304745762','103824079','19065'),(167,2264,3,5,1,'MARIA SANTINA DA CONCEICAO SILVA','5690797480','82','99275312','0','0','0','0','0','0',NULL,'1954-06-24','148508247','9','1485082479',0,NULL,'19100040','443452300',NULL,'331871907','103824079','7390'),(168,2264,3,5,1,'MARIA BENEDITA DA SILVA','4004253438','82','91166973','0','0','0','0','0','0',NULL,'1957-07-26','147818852','6','1478188526',0,NULL,'19100040','443452300',NULL,'922928192','103824079','9175'),(169,2264,3,5,2,'COSME ALVES','14833018420','82','32831900','0','0','0','0','0','0',NULL,'1942-08-06','71754236','0','0717542360',0,NULL,'19100040','443452300',NULL,'911909026','103824079','6439'),(170,2264,3,5,1,'JOSEFA MARIA DA CONCEICAO','1362671495','82','32831697','82','33716109','0','0','0','0',NULL,'1945-04-21','145847085','4','1458470854',0,NULL,'19100040','443452300',NULL,'426206571','103824079','14277'),(171,2264,3,5,1,'ISABEL CRISTINA DA SILVA','2657293433','82','99704749','82','99542432','0','0','0','0',NULL,'1974-08-12','139217086','6','1392170866',0,NULL,'19100040','443452300',NULL,'105025376','103824079','13807'),(172,2264,3,5,1,'MARIA DA CONCEICAO DA SILVA','67697607468','82','99131041','82','99184562','0','0','0','0',NULL,'1960-07-10','83652804','2','0836528042',0,NULL,'19100040','443452300',NULL,'413103946','103824079','9502'),(173,2264,3,5,1,'MARILI FERREIRA DA SILVA','47542691449','82','94057363','82','99125501','0','0','0','0',NULL,'1952-01-27','142208154','8','1422081548',0,NULL,'19100040','443452300',NULL,'417458018','103824079','7913'),(174,2264,3,5,1,'JOSEFA SERAFIM DA SILVA','7158800474','82','91050912','82','34230000','0','0','0','0',NULL,'1974-01-15','146295024','5','1462950245',0,NULL,'19100040','443452300',NULL,'306640763','103824079','18619'),(175,2264,3,5,1,'MARIA CICERA DA SILVA','36328596472','82','93220018','82','93647298','0','0','0','0',NULL,'1951-06-17','139230283','5','1392302835',0,NULL,'19100040','443452300',NULL,'304788688','103824079','18670'),(176,2264,3,5,1,'MARIA JOSE DA SILVA','92563015472','82','91179019','0','0','0','0','0','0',NULL,'1954-06-12','521679528','2','5216795282',0,NULL,'19100040','443452300',NULL,'305342039','103824079','14876'),(177,2264,3,5,1,'MARINES BEZERRA DA SILVA','3520690403','82','99194849','0','0','0','0','0','0',NULL,'1972-06-03','139230320','3','1392303203',0,NULL,'19100040','443452300',NULL,'304837795','103824079','14861'),(178,2264,3,5,1,'MARIA DAS DORES SILVESTRE','1955660417','82','93135747','0','0','0','0','0','0',NULL,'1971-12-25','534486102','4','5344861024',0,NULL,'19100040','443452300',NULL,'212357394','103824079','20240'),(179,2264,3,5,2,'ELSON PIMENTEL CASSIANO','5123512446','82','99104813','82','32831362','0','0','0','0',NULL,'1983-01-09','523644835','9','5236448359',0,NULL,'19100040','443452300',NULL,'422094358','103824079','14774'),(180,2264,3,5,1,'ODETE MARIA DA SILVA','34693645400','82','99080259','82','91125151','82','99882182','82','32831517',NULL,'1966-05-22','139215500','0','1392155000',0,NULL,'19100040','443452300',NULL,'425656941','103824079','12097'),(181,2264,3,5,1,'JOSEFA VICENTE DA SILVA','51533960453','82','99700057','82','93422446','82','91318787','82','32831282',NULL,'1959-10-17','154775825','0','1547758250',0,NULL,'19100040','443452300',NULL,'510458779','103824079','19102'),(182,2264,3,5,1,'JANETE RAFAELA BRANDAO','5112649410','82','91360253','0','0','0','0','0','0',NULL,'1979-01-03','134711344','1','1347113441',0,NULL,'19100040','443452300',NULL,'935700243','103824079','13717'),(183,2264,3,5,2,'JOAO BARBOZA DE SOUZA','28552067404','82','32831764','82','32831702','0','0','0','0',NULL,'1939-06-10','137405558','9','1374055589',0,NULL,'19100040','443452300',NULL,'904212219','103824079','1135'),(184,2264,3,5,2,'ANTONIO PEDRO DA SILVA','92557660400','82','91944308','0','0','0','0','0','0',NULL,'1939-06-07','137087387','2','1370873872',0,NULL,'19100040','443452300',NULL,'425340546','103824079','18632'),(185,2264,3,5,2,'JOVAL FELIX DA SILVA','77418638787','79','88141429','82','32831352','0','0','0','0',NULL,'1941-03-29','70291182','8','0702911828',0,NULL,'19100040','443452300',NULL,'918958735','103824079','8551'),(186,2264,4,5,2,'EXPEDITO FEITOZA','7376090444','82','91746222','0','0','0','0','0','0',NULL,'1942-02-09','107065973','5','1070659735',0,NULL,'19100040','443452300',NULL,'500534738','103824079','13009'),(187,2264,4,5,2,'CARLOS JORGE ALMEIDA PEIXOTO','8742596491','82','99765641','82','32811260','0','0','0','0',NULL,'1953-04-24','140331909','7','1403319097',0,NULL,'19100040','443452300',NULL,'500536049','100186582','7128'),(188,2264,4,5,2,'CICERO GOMES PEREIRA','14448483487','82','81495548','82','32812929','0','0','0','0',NULL,'1949-02-10','156369654','9','1563696549',0,NULL,'19100040','443452300',NULL,'500535919','103824079','15901'),(189,2264,4,5,2,'CICERO VASCONCELOS DE LIMA JUNIOR','89238079404','82','91038899','81','99824491','11','47152063','0','0',NULL,'1972-04-26','121551145','8','1215511458',0,NULL,'19100040','443452300',NULL,'501505145','105677322','21830'),(190,2264,4,5,1,'IVANILDA GUEDES DA SILVA','28016076491','82','32811730','0','0','0','0','0','0',NULL,'1946-05-05','100013912','0','1000139120',0,NULL,'19100040','443452300',NULL,'105154063','103824079','19498'),(191,2264,4,5,1,'ELIZETE DA SILVA GOMES','20964480425','82','96544564','86','32821313','0','0','0','0',NULL,'1960-03-26','40252345','8','0402523458',0,NULL,'19100040','443452300',NULL,'916549648','100420622','23003'),(192,2264,4,5,1,'LAURA GOMES DE LIMA','34856463420','82','91834266','0','0','0','0','0','0',NULL,'1944-06-13','49392284','9','0493922849',0,NULL,'19100040','443452300',NULL,'502988459','103824079','23567'),(193,2264,4,5,2,'JOSEBIAS SOARES ALVES DA SILVA','34575227404','82','99713356','0','0','0','0','0','0',NULL,'1963-02-23','530463870','7','5304638707',0,NULL,'19100040','443452300',NULL,'104767460','103824079','5251'),(194,2264,4,5,2,'BENEDITO SILVINO DA SILVA','13675702472','82','99284047','82','99021259','82','33778027','0','0',NULL,'1950-02-23','143790058','2','1437900582',0,NULL,'19100040','443452300',NULL,'500536047','100186582','1611740'),(195,2264,4,5,1,'GIRLENE DA SILVA MONTEIRO BRANDAO','4976799492','82','96415347','0','0','0','0','0','0',NULL,'1983-03-06','155663424','0','1556634240',0,NULL,'19100040','443452300',NULL,'918110158','103824079','23841'),(196,2264,4,5,2,'BENEDITO LOPES DE LIMA','2767961449','82','96169577','82','32811287','0','0','0','0',NULL,'1943-06-04','141946988','3','1419469883',0,NULL,'19100040','443452300',NULL,'500533598','103824079','5109'),(197,2264,4,5,1,'MARIA ALVES DA SILVA','56314949491','82','96442481','0','0','0','0','0','0',NULL,'1941-01-14','100013452','8','1000134528',0,NULL,'19100040','443452300',NULL,'503178328','103824079','24044'),(198,2264,4,5,1,'MARIA JOSE DE ANDRADE','51101440449','82','32811048','0','0','0','0','0','0',NULL,'1943-07-28','79710852','1','0797108521',0,NULL,'19100040','443452300',NULL,'500534192','100186543','7808'),(199,2264,4,5,2,'VALDIR PEREIRA DA SILVA','38466465472','82','32944011','0','0','0','0','0','0',NULL,'1962-09-19','127299070','0','1272990700',0,NULL,'19100040','443452300',NULL,'606938283','103824079','22303'),(200,2264,4,5,1,'SILVIA BARBOSA DE OLIVEIRA','93911050410','82','88479484','82','99189470','0','0','0','0',NULL,'1962-02-07','149451987','6','1494519876',0,NULL,'19100040','443452300',NULL,'419683772','103824079','28495'),(201,2264,4,5,2,'PETRUCIO ALVES DE OLIVEIRA','2643111400','82','99891257','82','32811997','0','0','0','0',NULL,'1942-05-22','141230717','9','1412307179',0,NULL,'19100040','443452300',NULL,'501692053','103824079','5677'),(202,2264,4,5,2,'JOSE BEZERRA FRANCISCO','3611980862','82','93986930','82','32814430','0','0','0','0',NULL,'1950-01-05','505744971','7','5057449717',0,NULL,'19100040','443452300',NULL,'928845025','103824079','9412'),(203,2264,4,5,2,'MANUEL RODRIGUES PEREIRA','8750580434','82','99261711','82','32811333','0','0','0','0',NULL,'1947-08-31','157027093','4','1570270934',0,NULL,'19100040','443452300',NULL,'907900503','103824079','5556'),(204,2264,4,5,2,'BENEDITO ALMEIDA DOS SANTOS','6173594404','82','81528616','0','0','0','0','0','0',NULL,'1945-10-16','28280941','4','0282809414',0,NULL,'19100040','443452300',NULL,'911350919','103824079','7380'),(205,2264,4,5,2,'JOSE LUIZ GOMES','8751021404','85','99261344','82','99261344','82','32811710','0','0',NULL,'1948-08-25','132439651','0','1324396510',0,NULL,'19100040','443452300',NULL,'911270233','103824079','9379'),(206,2264,4,5,1,'IRENE LIMA DA SILVA','14262886468','82','88896624','82','32815164','0','0','0','0',NULL,'1952-09-22','144853074','9','1448530749',0,NULL,'19100040','443452300',NULL,'306364488','103824079','21601'),(207,2264,4,5,1,'GRINAURIA MANOEL DE PAULA','2079063430','82','91692228','82','32811046','0','0','0','0',NULL,'1953-03-07','142745387','7','1427453877',0,NULL,'19100040','443452300',NULL,'211784893','103824079','26109'),(208,2264,4,5,1,'POLLYANA MIRANDA DA SILVA','1576703410','82','99242838','82','32811174','0','0','0','0',NULL,'1983-01-17','140853387','9','1408533879',0,NULL,'19100040','443452300',NULL,'113395671','103824079','23663'),(209,2264,4,5,1,'MARLI DA SILVA RODRIGUES','4577799421','82','91641393','82','32811046','0','0','0','0',NULL,'1958-03-25','146234971','1','1462349711',0,NULL,'19100040','443452300',NULL,'444276257','103824079','26684'),(210,2264,4,5,1,'DORALICE COSME QUERINO','16351185491','82','32812225','0','0','0','0','0','0',NULL,'1949-06-14','141541617','3','1415416173',0,NULL,'19100040','443452300',NULL,'908851787','103824079','6463'),(211,2264,4,5,2,'REGINALDO MONTEIRO DA SILVA','28764498468','82','91121175','82','91837278','0','0','0','0',NULL,'1952-07-13','108810029','2','1088100292',0,NULL,'19100040','443452300',NULL,'500535532','103824079','9182'),(212,2264,4,5,2,'JOSE NUNES BEZERRA','47920076749','82','96427681','82','99014711','82','32812157','0','0',NULL,'1951-05-10','110367961','6','1103679616',0,NULL,'19100040','443452300',NULL,'415232784','103824079','9319'),(213,2264,4,5,1,'CARMELITA MOREIRA DE FRANCA SILVA','64471756400','11','48211886','0','0','0','0','0','0',NULL,'1951-10-07','135320835','1','1353208351',0,NULL,'19100040','443452300',NULL,'304417681','103824079','22838'),(214,2264,4,5,2,'VALMIR SIMPLICIO DA SILVA','12976709491','82','91548196','82','32811564','0','0','0','0',NULL,'1953-12-03','115995843','0','1159958430',0,NULL,'19100040','443452300',NULL,'416339802','103824079','11846'),(215,2264,4,5,1,'CREUZA TAVARES DA SILVA','14449005449','82','99981060','0','0','0','0','0','0',NULL,'1940-09-21','119330596','6','1193305966',0,NULL,'19100040','443452300',NULL,'501818552','103824079','6276'),(216,2264,4,5,1,'JOSEFA PRAXEDES DE LIMA','39922154404','82','32812053','0','0','0','0','0','0',NULL,'1947-02-06','530409435','9','5304094359',0,NULL,'19100040','443452300',NULL,'306504696','103824079','25654'),(217,2264,4,5,1,'ILDA VALDEVINO DE ANDRADE','51030527415','82','91175685','0','0','0','0','0','0',NULL,'1952-03-01','141946819','4','1419468194',0,NULL,'19100040','443452300',NULL,'306592292','103824079','23600'),(218,2264,4,5,1,'DOMINICE MARTINIANO DA SILVA','45573859404','82','93361273','82','32811357','0','0','0','0',NULL,'1946-09-03','111466907','2','1114669072',0,NULL,'19100040','443452300',NULL,'415309991','103824079','10330'),(219,2264,4,5,2,'JOSE PEDRO DA SILVA','29839807404','82','96066080','82','32811919','0','0','0','0',NULL,'1949-09-18','544237769','0','5442377690',0,NULL,'19100040','443452300',NULL,'422399090','103824079','24878'),(220,2264,4,5,1,'JOSEFA FEITOSA DA SILVA','64219372415','82','91299462','82','91229069','0','0','0','0',NULL,'1945-07-22','125233276','6','1252332766',0,NULL,'19100040','443452300',NULL,'422876874','103824079','23582'),(221,2264,4,5,1,'LUZINETE BELEM DA SILVA','16344863404','82','88721922','0','0','0','0','0','0',NULL,'1944-03-15','130329454','8','1303294548',0,NULL,'19100040','443452300',NULL,'423637928','103824079','23495'),(222,2264,4,5,1,'MARIA DO CARMO DA SILVA','2123837440','82','32188300','0','0','0','0','0','0',NULL,'1954-04-28','139735421','3','1397354213',0,NULL,'19100040','443452300',NULL,'425730961','103824079','13378'),(223,2264,4,5,1,'JULIA ANA TERTULINO','1447124405','82','91625015','0','0','0','0','0','0',NULL,'1941-01-06','138768920','4','1387689204',0,NULL,'19100040','443452300',NULL,'426403931','103824079','26560'),(224,2264,4,5,1,'MARIA AUREA SILVA BATISTA','66192820406','82','99301061','0','0','0','0','0','0',NULL,'1946-04-27','541409713','1','5414097131',0,NULL,'19100040','443452300',NULL,'441529860','103824079','23382'),(225,2264,4,5,2,'MARIA HELENA DA CONCEICAO','60597917434','82','91545892','82','96044048','0','0','0','0',NULL,'1949-07-08','28280781','0','0282807810',0,NULL,'19100040','443452300',NULL,'441769210','103824079','23781'),(226,2264,4,5,2,'JOSE BASILIO DE OLIVEIRA','33172382400','82','91537157','0','0','0','0','0','0',NULL,'1953-01-10','543941328','2','5439413282',0,NULL,'19100040','443452300',NULL,'503072832','103824079','23968'),(227,2264,4,5,2,'HELENO ALEXANDRE DA SILVA','64470067415','82','91400055','0','0','0','0','0','0',NULL,'1956-08-18','138492460','1','1384924601',0,NULL,'19100040','443452300',NULL,'511433161','103824079','28106'),(228,2264,4,5,1,'JOSEFA HIPOLITO GOMES','58015906415','82','99386735','0','0','0','0','0','0',NULL,'1950-01-10','136884170','5','1368841705',0,NULL,'19100040','443452300',NULL,'935646189','103824079','24689'),(229,2264,4,5,2,'LUIZ ANTONIO DA SILVA','7333975819','82','91176668','82','93956577','11','41496274','0','0',NULL,'1954-12-13','107401352','0','1074013520',0,NULL,'19100040','443452300',NULL,'415035811','103824079','21401'),(230,2264,4,5,1,'MARIA GOMES FERREIRA','1338051407','82','93170375','0','0','0','0','0','0',NULL,'1963-08-09','126622767','6','1266227676',0,NULL,'19100040','443452300',NULL,'422066408','103824079','29686'),(231,2264,4,5,2,'ANTONIO VESPASIANO DA SILVA','66203015415','82','99099530','0','0','0','0','0','0',NULL,'1953-03-30','540882695','0','5408826950',0,NULL,'19100040','443452300',NULL,'903811132','103824079','1227'),(232,2264,4,5,2,'JOAO PEREIRA DA SILVA','33213518468','82','96401697','82','33384893','0','0','0','0',NULL,'1946-09-20','123640414','6','1236404146',0,NULL,'19100040','443452300',NULL,'415392840','103824079','23095'),(233,2264,4,5,1,'MARINEUZA AVELINO DA SILVA','54327199400','82','93238936','82','32812704','82','32812120','82','32812484',NULL,'1955-09-29','130329221','9','1303292219',0,NULL,'19100040','443452300',NULL,'423458648','103824079','12504'),(234,2264,4,5,1,'MARIA SALOME GOMES DA SILVA','34820841491','82','99606133','0','0','0','0','0','0',NULL,'1954-10-13','548959216','4','5489592164',0,NULL,'19100040','443452300',NULL,'909820308','103824079','7415'),(235,2264,4,5,1,'ANA FRANCISCA BENTO DA SILVA','1517495407','82','93040658','0','0','0','0','0','0',NULL,'1978-01-29','155663117','8','1556631178',0,NULL,'19100040','443452300',NULL,'444268906','103824079','26669'),(236,2264,4,5,1,'COSMA MARIA DO NASCIMENTO SILVA','67996396434','82','32891212','0','0','0','0','0','0',NULL,'1957-03-15','84847659','0','0848476590',0,NULL,'19100040','443452300',NULL,'606285937','103824079','21221'),(237,2264,4,5,2,'JOSE VICENTE SANTOS','1541956427','82','91575398','0','0','0','0','0','0',NULL,'1941-04-04','139620365','3','1396203653',0,NULL,'19100040','443452300',NULL,'34110085','103824079','23288'),(238,2264,4,5,1,'JAILZA DA SILVA','5644113450','82','87032220','82','91412458','82','88122704','0','0',NULL,'1984-04-27','103052427','8','1030524278',0,NULL,'19100040','443452300',NULL,'112242837','103824079','29167'),(239,2264,4,5,1,'MARIA NAZARE DA SILVA OLIVEIRA','961727462','82','81128827','82','30314507','0','0','0','0',NULL,'1941-12-20','106689389','3','1066893893',0,NULL,'19100040','443452300',NULL,'209589021','103824079','20118'),(240,2264,4,5,1,'HELENA MARIA DA SILVA','2328721478','82','99695680','0','0','0','0','0','0',NULL,'1953-03-04','153494514','5','1534945145',0,NULL,'19100040','443452300',NULL,'304365481','103824079','25816'),(241,2264,4,5,2,'JOSE PINHEIRO DA SILVA','1491808454','82','88469248','0','0','0','0','0','0',NULL,'1942-07-02','134714463','0','1347144630',0,NULL,'19100040','443452300',NULL,'304391460','103824079','24473'),(242,2264,4,5,1,'MARIA JOSE DA CONCEICAO','1504882466','82','91025982','82','91355754','0','0','0','0',NULL,'1947-04-17','136560863','5','1365608635',0,NULL,'19100040','443452300',NULL,'304427343','103824079','19216'),(243,2264,4,5,1,'JULIETA GOMES DA SILVA','84208317434','82','91830850','0','0','0','0','0','0',NULL,'1942-09-11','522592950','4','5225929504',0,NULL,'19100040','443452300',NULL,'305795946','103824079','19698'),(244,2264,4,5,1,'MONICA PIMENTEL BATISTA','6847743484','11','963459275','0','0','0','0','0','0',NULL,'1975-05-13','528869654','0','5288696540',0,NULL,'19100040','443452300',NULL,'305830814','103824079','19871'),(245,2264,4,5,1,'MARIA JOSE DA SILVA','1126862495','11','976048490','82','33542035','82','33546228','0','0',NULL,'1970-08-27','115448518','5','1154485185',0,NULL,'19100040','443452300',NULL,'415851285','103824079','11740'),(246,2264,4,5,1,'ANTONIA MARIA DA CONCEICAO','60441763472','82','99895661','82','93293386','0','0','0','0',NULL,'1949-03-11','111466809','2','1114668092',0,NULL,'19100040','443452300',NULL,'421667322','103824079','26638'),(247,2264,4,5,1,'MARIA ENEDINA DOS SANTOS SILVA','64479676449','82','99203553','0','0','0','0','0','0',NULL,'1960-01-03','129601324','0','1296013240',0,NULL,'19100040','443452300',NULL,'425801568','103824079','17656'),(248,2264,4,5,1,'ELIANE ANGELO DA SILVA','4921456445','82','91925839','0','0','0','0','0','0',NULL,'1979-06-02','131596396','2','1315963962',0,NULL,'19100040','443452300',NULL,'425871761','103824079','28574'),(249,2264,4,5,2,'JOSE ALMEIDA BARROS','57330751804','82','93056777','0','0','0','0','0','0',NULL,'1941-05-26','542400956','1','5424009561',0,NULL,'19100040','443452300',NULL,'441622555','103824079','23512'),(250,2264,4,5,2,'JADSON CAETANO BEZERRA','9460145400','82','91368642','0','0','0','0','0','0',NULL,'1989-09-07','540655392','1','5406553921',0,NULL,'19100040','443452300',NULL,'441654834','103824079','23556'),(251,2264,4,5,2,'CARLOS AFONSO CORREIA','60667214453','82','93162093','81','35239676','0','0','0','0',NULL,'1953-04-10','539857124','5','5398571245',0,NULL,'19100040','443452300',NULL,'441822344','103824079','23911'),(252,2264,4,5,1,'MARIA LENILDA GAMA','2874692476','82','96259439','82','93272494','0','0','0','0',NULL,'1973-03-12','115448993','8','1154489938',0,NULL,'19100040','443452300',NULL,'441830128','103824079','23922'),(253,2264,4,5,2,'JOSE FRANCISCO DA SILVA','92499384468','82','91770526','0','0','0','0','0','0',NULL,'1963-10-20','536941913','9','5369419139',0,NULL,'19100040','443452300',NULL,'442023770','103824079','24074'),(254,2264,4,5,2,'JOSE AMARO DA SILVA','1550741489','82','93612967','0','0','0','0','0','0',NULL,'1960-03-12','542457104','9','5424571049',0,NULL,'19100040','443452300',NULL,'442113818','103824079','24133'),(255,2264,4,5,2,'JOSE JUSTINO DE SOUZA','1571423451','82','81368644','0','0','0','0','0','0',NULL,'1941-01-01','519305865','1','5193058651',0,NULL,'19100040','443452300',NULL,'442274143','103824079','24289'),(256,2264,4,5,2,'JOSE FRANCISCO DA SILVA','1629535427','82','32811533','0','0','0','0','0','0',NULL,'1954-10-08','535608509','1','5356085091',0,NULL,'19100040','443452300',NULL,'442549350','103824079','24636'),(257,2264,4,5,2,'JOSE CICERO DA SILVA','60431857415','82','91679226','0','0','0','0','0','0',NULL,'1961-03-12','542749627','7','5427496277',0,1,'19100040','443452300',NULL,'442561617','103824079','24662'),(258,2264,4,5,2,'CICERO MARINHO DE OLIVEIRA','11305797434','82','91641381','0','0','0','0','0','0',NULL,'1948-10-13','700587516','9','7005875169',0,NULL,'19100040','443452300',NULL,'443062718','103824079','25295'),(259,2264,4,5,2,'JOSIVALDO JOSE DOS SANTOS','843163496','82','81394320','0','0','0','0','0','0',NULL,'1976-12-17','104446575','9','1044465759',0,NULL,'19100040','443452300',NULL,'443137084','103824079','25372'),(260,2264,4,5,1,'MARIA DAS GRACAS TEODORO DOS SANTOS','1644365456','82','32811046','82','32811174','0','0','0','0',NULL,'1943-10-11','533495368','6','5334953686',0,NULL,'19100040','443452300',NULL,'443609368','103824079','25895'),(261,2264,4,5,1,'RITA MARIA DOS SANTOS SILVA','2042598437','82','81537336','0','0','0','0','0','0',NULL,'1950-05-14','130329422','0','1303294220',0,NULL,'19100040','443452300',NULL,'444138590','103824079','26535'),(262,2264,4,5,1,'MARIA TERTULINA DA SILVA','1497133475','82','93321652','0','0','0','0','0','0',NULL,'1941-01-12','138768980','8','1387689808',0,NULL,'19100040','443452300',NULL,'444145397','103824079','26542'),(263,2264,4,5,2,'JOSE GUEDES DA SILVA','22878130472','82','88629685','0','0','0','0','0','0',NULL,'1959-12-25','550629533','9','5506295339',0,NULL,'19100040','443452300',NULL,'444644733','0','27280'),(264,2264,4,5,1,'MARIA DE LIMA CARVALHO','17919397839','82','91614064','0','0','0','0','0','0',NULL,'1959-04-29','532969770','7','5329697707',0,NULL,'19100040','443452300',NULL,'446189334','103824079','28588'),(265,2264,4,5,1,'MARIA JOSE ALVES DA SILVA','73017159434','82','32811046','0','0','0','0','0','0',NULL,'1945-08-28','530746119','0','5307461190',0,NULL,'19100040','443452300',NULL,'502129488','103824079','24350'),(266,2264,4,5,2,'ANTONIO CALIXTO DOS SANTOS','21039240453','82','99025977','0','0','0','0','0','0',NULL,'1942-02-12','155663308','1','1556633081',0,NULL,'19100040','443452300',NULL,'502531387','103824079','25871'),(267,2264,4,5,2,'NELSON ARTUR EMILIANO','1793490406','82','91767101','0','0','0','0','0','0',NULL,'1946-12-17','547382656','0','5473826560',0,NULL,'19100040','443452300',NULL,'506386584','103824079','25303'),(268,2264,4,5,1,'MARIA ALCINA DE SANTANA SILVA','1141089432','82','96494977','13','997375955','82','32944077','0','0',NULL,'1961-08-01','540078186','8','5400781868',0,NULL,'19100040','443452300',NULL,'605376933','103824079','23019'),(269,2264,4,5,2,'ANTONIO COSMO DA SILVA','34740686449','82','88276334','0','0','0','0','0','0',NULL,'1945-07-05','138768735','0','1387687350',0,NULL,'19100040','443452300',NULL,'704027025','103824079','18556'),(270,2264,4,5,1,'IRACEMA FRANCISCA DA SILVA CABRAL','33469226857','11','56231280','0','0','0','0','0','0',NULL,'1941-06-15','518409300','8','5184093008',0,NULL,'19100040','443452300',NULL,'826229892','103824079','3107'),(271,2264,4,5,1,'MARIA NAZARETH DE OLIVEIRA','16445767400','82','91499698','82','91807875','82','32811174','0','0',NULL,'1941-05-16','140331708','6','1403317086',0,NULL,'19100040','443452300',NULL,'833305590','103824079','24989'),(272,2264,4,5,2,'VALDOMIRO FERREIRA LOPES','66192870420','82','99421026','0','0','0','0','0','0',NULL,'1969-04-27','132264633','0','1322646330',0,NULL,'19100040','443452300',NULL,'903315758','103824079','28484'),(273,2264,4,5,1,'JOSEFA MARIA DOS SANTOS','86046632404','82','91018724','82','32811046','0','0','0','0',NULL,'1956-05-08','540944564','0','5409445640',0,NULL,'19100040','443452300',NULL,'905404734','103824079','23378'),(274,2264,4,5,1,'QUITERIA MARIA DA SILVA','62206176491','82','32811046','0','0','0','0','0','0',NULL,'1955-04-25','149138516','0','1491385160',0,NULL,'19100040','443452300',NULL,'909985876','103824079','6887'),(275,2264,4,5,2,'AILTON BELARMINO DA SILVA','80345522400','82','88504842','82','91212083','0','0','0','0',NULL,'1971-09-30','540633924','5','5406339245',0,NULL,'19100040','443452300',NULL,'913841228','103824079','23023'),(276,2264,4,5,1,'MARIA CICERA DA SILVA','6680716489','82','91997084','0','0','0','0','0','0',NULL,'1982-02-12','134714407','0','1347144070',0,NULL,'19100040','443452300',NULL,'931472558','103824079','24040'),(277,2264,4,5,2,'DAMIAO RENATO CARDOZO NUNES','7084189459','82','91593075','82','91673811','0','0','0','0',NULL,'1986-09-26','536989775','8','5369897758',0,NULL,'19100040','443452300',NULL,'934395015','103824079','25964'),(278,2264,4,5,2,'BENEDITO ALVES DENIZ','38285797449','82','91074825','82','32812142','0','0','0','0',NULL,'1962-05-07','603109405','7','6031094057',0,NULL,'19100040','443452300',NULL,'935169543','0','23456'),(279,2264,4,5,2,'VALDO MIGUEL BARBOSA','4864985499','82','91673677','0','0','0','0','0','0',NULL,'1963-03-14','119070578','5','1190705785',0,NULL,'19100040','443452300',NULL,'935686531','103824079','27392'),(280,2264,4,5,2,'DIJACI PEREIRA DA SILVA','49518720487','82','32812859','0','0','0','0','0','0',NULL,'1965-09-12','521125913','7','5211259137',0,NULL,'19100040','443452300',NULL,'305223836','103824079','25806'),(281,2264,4,5,1,'ADELINA MARIA DA CONCEICAO','4962510401','82','91550671','0','0','0','0','0','0',NULL,'1951-08-27','538797707','5','5387977075',0,NULL,'19100040','443452300',NULL,'331643677','103824079','22673'),(282,2264,4,5,2,'MANOEL VIEIRA DE MELO','1595038418','82','91394335','0','0','0','0','0','0',NULL,'1941-03-20','521740320','5','5217403205',0,NULL,'19100040','443452300',NULL,'305357034','103824079','25798'),(283,2264,4,5,1,'MARIA CICERA DA CONCEICAO','6401826401','82','88227470','0','0','0','0','0','0',NULL,'1947-03-19','98837208','8','0988372088',0,NULL,'19100040','443452300',NULL,'929629943','103824079','11243'),(284,2264,4,5,1,'DIVA MARIA ALEXANDRE','60666889449','82','99193322','0','0','0','0','0','0',NULL,'1945-12-26','122356808','0','1223568080',0,NULL,'19100040','443452300',NULL,'506739180','103824079','23297'),(285,2264,4,5,1,'MARIA GELVA DE PAIVA LIMA','38225190491','82','99992024','0','0','0','0','0','0',NULL,'1963-01-11','526829580','9','5268295809',0,NULL,'19100040','443452300',NULL,'306082126','103824079','19786'),(286,2264,4,5,2,'CICERO SILVESTRE DA SILVA','4184222498','82','91500267','0','0','0','0','0','0',NULL,'1950-02-12','122356530','8','1223565308',0,NULL,'19100040','443452300',NULL,'421449850','103824079','24944'),(287,2264,4,5,1,'ZILDA SILVESTRE DA SILVA','4182208404','82','91500267','0','0','0','0','0','0',NULL,'1956-06-05','539277813','1','5392778131',0,NULL,'19100040','443452300',NULL,'442795711','103824079','24943'),(288,2264,4,5,2,'JOSE SIQUEIRA CAMPOS','1401758495','82','99272806','82','91807875','0','0','0','0',NULL,'1945-03-30','540274471','4','5402744714',0,NULL,'19100040','443452300',NULL,'506671602','103824079','23228'),(289,2264,4,5,1,'MARIA JOSE ALEXANDRE DE MOURA','82601402415','82','32811137','0','0','0','0','0','0',NULL,'1964-08-27','51228486','5','0512284865',0,NULL,'19100040','443452300',NULL,'306839583','103824079','20930'),(290,2264,4,5,2,'MARIA GOMES DA SILVA','39145018472','82','91394335','0','0','0','0','0','0',NULL,'1952-07-02','131596112','9','1315961129',0,NULL,'19100040','443452300',NULL,'443645148','103824079','25933'),(291,2264,4,5,1,'MARIA DAS GRACAS DOS SANTOS','6604658414','82','91396622','0','0','0','0','0','0',NULL,'1977-01-03','540583842','6','5405838426',0,NULL,'19100040','443452300',NULL,'444604611','103824079','27225'),(292,2264,4,5,1,'JOSEFA PEREIRA DE LIMA','22762043468','82','88324039','82','91621216','82','32811178','0','0',NULL,'1948-09-16','95013322','1','0950133221',0,NULL,'19100040','443452300',NULL,'30756605','103824079','24319'),(293,2264,4,5,2,'ELIESER BERNARDO DA SILVA','28295196472','82','33266791','0','0','0','0','0','0',NULL,'1959-05-05','506078925','6','5060789256',0,NULL,'19100040','443452300',NULL,'422044808','103824079','8129'),(294,2264,4,5,1,'MARIA DO SOCORRO AMARO DE LIMA','4941626435','82','93246918','0','0','0','0','0','0',NULL,'1946-06-19','120024212','0','1200242120',0,NULL,'19100040','443452300',NULL,'917968819','103824079','12102'),(295,2264,4,5,2,'JOSE BATISTA VIEIRA','23936614415','82','91643397','0','0','0','0','0','0',NULL,'1951-02-14','115448985','7','1154489857',0,NULL,'19100040','443452300',NULL,'416714490','103824079','10451'),(296,2264,4,5,2,'JOSUE TOMAZ DE AQUINO','7206610480','82','91767101','0','0','0','0','0','0',NULL,'1949-04-15','520897150','6','5208971506',0,NULL,'19100040','443452300',NULL,'442447198','103824079','24481'),(297,2264,4,5,1,'MARIA ALEXANDRE DE CASTRO','42057329453','82','93154566','82','32812392','82','32813466','0','0',NULL,'1945-09-22','40243189','8','0402431898',0,NULL,'19100040','443452300',NULL,'413519879','103824079','9689'),(298,2264,4,5,1,'MARIA FLOR BARBOSA','77713710434','82','91070716','82','88674625','0','0','0','0',NULL,'1943-04-10','127249630','6','1272496306',0,NULL,'19100040','443452300',NULL,'106694225','103824079','20785'),(299,2264,4,5,1,'MARIA MARGARIDA GUILHERME MACENA','16351584434','82','91534880','82','32811453','0','0','0','0',NULL,'1958-09-16','140331547','4','1403315474',0,NULL,'19100040','443452300',NULL,'304445204','103824079','15977'),(300,2264,4,5,1,'MARINALVA DA SILVA','53053265400','82','93618575','82','91396622','82','93763429','0','0',NULL,'1948-03-25','141946776','7','1419467767',0,NULL,'19100040','443452300',NULL,'306399678','103824079','27224'),(301,2264,4,5,1,'IRINEA JOSEFA DA SILVA','81501650459','82','99303963','0','0','0','0','0','0',NULL,'1946-11-05','124257649','2','1242576492',0,NULL,'19100040','443452300',NULL,'924222302','103824079','9473'),(302,2264,4,5,1,'MARIA ESMERALDA DIAS ALVES','34736425415','82','91459933','0','0','0','0','0','0',NULL,'1948-03-04','542472196','2','5424721962',0,NULL,'19100040','443452300',NULL,'504198406','103824079','23379'),(303,2264,4,5,1,'CLAUDETE MARIA DA CONCEICAO LIMA','2719810401','82','81296744','0','0','0','0','0','0',NULL,'1952-05-10','96653921','4','0966539214',0,NULL,'19100040','443452300',NULL,'442210490','103824079','24234'),(304,2264,4,5,1,'MARIA BETANIA DA SILVA SERAFIM','84251956400','82','88283127','0','0','0','0','0','0',NULL,'1972-02-01','137304394','3','1373043943',0,NULL,'19100040','443452300',NULL,'426461307','103824079','18374'),(305,2264,4,5,2,'JOSE JOAO DE MIRANDA','41127137468','82','93507760','0','0','0','0','0','0',NULL,'1953-08-28','140331959','3','1403319593',0,NULL,'19100040','443452300',NULL,'907952605','103824079','9860'),(306,2264,4,5,1,'ELMA MARIA DE LEMOS SOARES','768210488','82','81422687','82','32818074','82','32811046','82','32811180',NULL,'1969-06-04','122356579','0','1223565790',0,NULL,'19100040','443452300',NULL,'830447271','103824079','27228'),(307,2264,4,5,2,'JOSE FIDELIS DA SILVA','69975663400','82','91798973','82','32811174','0','0','0','0',NULL,'1943-11-21','141230694','6','1412306946',0,NULL,'19100040','443452300',NULL,'930352597','103824079','26176'),(308,2264,4,5,1,'TEREZA MARIA DA CONCEICAO','16347609487','82','32813342','0','0','0','0','0','0',NULL,'1942-10-15','40463865','1','0404638651',0,NULL,'19100040','443452300',NULL,'412184963','103824079','11096'),(309,2264,4,5,1,'MARIA LUIZA DA SILVA','16352084400','82','32811969','82','32811453','0','0','0','0',NULL,'1945-09-19','106054841','8','1060548418',0,NULL,'19100040','443452300',NULL,'414947219','923647502','21192'),(310,2264,4,5,1,'MARIA LUCIA NASCIMENTO DOS SANTOS','78703441415','82','91655165','82','99993392','0','0','0','0',NULL,'1956-04-16','543817866','2','5438178662',0,NULL,'19100040','443452300',NULL,'508775414','103824079','24812'),(311,2264,4,5,2,'JOSE VALMIR DA SILVA','77769635420','82','88590064','0','0','0','0','0','0',NULL,'1967-05-12','126625086','4','1266250864',0,NULL,'19100040','443452300',NULL,'415518472','103824079','9863'),(312,2264,4,5,2,'ANTONIO MAGALHAES DA SILVA','2146510455','82','32031156','82','32112140','0','0','0','0',NULL,'1958-03-04','546927469','8','5469274698',0,NULL,'19100040','443452300',NULL,'113286081','103824079','18974'),(313,2264,4,5,1,'MARIA DAS NEVES GALVAO','52556700491','82','91176632','82','32811174','0','0','0','0',NULL,'1958-11-09','98843266','8','0988432668',0,NULL,'19100040','443452300',NULL,'933761786','103824079','11784'),(314,2264,4,5,1,'LUIZA CARMELITA DOS SANTOS ALVES','764180495','82','93576366','0','0','0','0','0','0',NULL,'1946-10-06','120772631','9','1207726319',0,NULL,'19100040','443452300',NULL,'927009958','103824079','10108'),(315,2264,4,5,2,'JOSE MANOEL DOS SANTOS','8751188449','82','91517956','82','32811921','0','0','0','0',NULL,'1942-02-25','121477125','1','1214771251',0,NULL,'19100040','443452300',NULL,'501766321','103824079','0'),(316,2264,4,5,2,'LUIZ MONTEIRO DA SILVA','93888031834','82','99353053','82','32815541','0','0','0','0',NULL,'1948-01-02','147773262','1','1477732621',0,NULL,'19100040','443452300',NULL,'604345296','103824079','19685'),(317,2264,4,5,2,'ALCIRAM FELIX DA SILVA','70003942422','82','96723174','82','32812005','82','33423319','0','0',NULL,'1950-11-10','154776014','9','1547760149',0,NULL,'19100040','443452300',NULL,'509153841','103824079','25277'),(318,2264,4,5,1,'SEBASTIANA MARIA DA CONCEICAO','74644882453','82','91926046','82','32351590','0','0','0','0',NULL,'1944-12-11','115017410','0','1150174100',0,NULL,'19100040','443452300',NULL,'502958612','103824079','12487'),(319,2264,4,5,1,'MARIA ARAGAO DA SILVA','80325122415','82','91677065','82','93251834','82','91388224','0','0',NULL,'1952-10-04','115995500','7','1159955007',0,NULL,'19100040','443452300',NULL,'106776311','103824079','17772'),(320,2264,4,5,1,'DENISE CALIXTO DO NASCIMENTO ARAUJO','4771754497','82','99025977','82','96044437','82','99937418','82','32811850',NULL,'1983-11-01','106768559','3','1067685593',0,NULL,'19100040','443452300',NULL,'113474679','103824079','16681'),(321,2264,4,5,1,'MARLUCE MARTINS DA SILVA','74081608415','82','91197448','0','0','0','0','0','0',NULL,'1961-09-08','514023941','4','5140239414',0,NULL,'19100040','443452300',NULL,'425384532','103824079','25233'),(322,2264,4,5,1,'MARIA JOSE DA SILVA','1677100443','82','91672527','0','0','0','0','0','0',NULL,'1977-08-22','151629501','0','1516295010',0,NULL,'19100040','443452300',NULL,'441752997','103824079','25098'),(323,2264,4,5,2,'JOSE LUCIANO HOLANDA FERREIRA','4262919480','82','93613896','82','39878782','0','0','0','0',NULL,'1977-10-18','534824378','3','5348243783',0,NULL,'19100040','443452300',NULL,'913263513','103824079','5800'),(324,2264,4,5,1,'GENEZIA MARIA DO AMOR','41130707415','82','32811156','0','0','0','0','0','0',NULL,'1950-09-27','139151664','5','1391516645',0,NULL,'19100040','443452300',NULL,'503065352','103824079','24544'),(325,2264,4,5,2,'JOSE BRANDINO DA SILVA','25942271453','82','93211755','82','32642119','0','0','0','0',NULL,'1939-08-15','49391845','0','0493918450',0,NULL,'19100040','443452300',NULL,'412457103','103824079','15523'),(326,2264,4,5,2,'GABRIEL MOREIRA','41128230453','82','93198782','0','0','0','0','0','0',NULL,'1939-06-15','132439436','3','1324394363',0,NULL,'19100040','443452300',NULL,'444697708','103824079','27358'),(327,2264,4,5,1,'CAETANA IZABEL DOS SANTOS','2918139416','82','91746992','0','0','0','0','0','0',NULL,'1939-04-02','541304526','0','5413045260',0,NULL,'19100040','443452300',NULL,'442402458','103824079','24442'),(328,2264,5,5,2,'TERENCIO CORREIA DE MELO NETO','7760337434','82','88558197','82','33257935','0','0','0','0',NULL,'1948-04-23','128046921','5','1280469215',0,NULL,'19100040','443452300',NULL,'908651213','103824079','10976'),(329,2264,5,5,2,'JOSE ALVES DE ARAUJO','1424523869','82','88294073','82','34214734','0','0','0','0',NULL,'1948-09-15','122426560','0','1224265600',0,NULL,'19100040','443452300',NULL,'423599406','103824079','14862'),(330,2264,5,5,2,'ANTONIO LUIZ CORREIA','3835057472','82','99228201','82','34231128','0','0','0','0',NULL,'1944-01-10','28274927','6','0282749276',0,NULL,'19100040','443452300',NULL,'500537509','103824079','9585'),(331,2264,5,5,2,'DAVI LUIZ BEZERRA','11083565400','82','99102672','82','34213837','0','0','0','0',NULL,'1953-09-02','145847318','7','1458473187',0,NULL,'19100040','443452300',NULL,'913510491','103824079','8083'),(332,2264,5,5,1,'MARIA LETICIA MOTA SIMOES','8729972434','82','99175149','82','34212745','0','0','0','0',NULL,'1948-12-31','106052144','7','1060521447',0,NULL,'19100040','443452300',NULL,'105740972','103824079','19595'),(333,2264,5,5,2,'FRANCISCO MACHADO DE OLIVEIRA','6402348449','82','99841486','0','0','0','0','0','0',NULL,'1945-04-04','103182219','1','1031822191',0,NULL,'19100040','443452300',NULL,'105905507','103824079','5828'),(334,2264,5,5,1,'MARIA DAS GRACAS BARBOSA NUNES','10504056840','82','99882178','82','34201257','82','34215555','0','0',NULL,'1964-07-20','88425501','8','0884255018',0,NULL,'19100040','443452300',NULL,'416001009','103824079','7946'),(335,2264,5,5,2,'ERONIDES GUILHERMINO FILHO','2766205420','82','34213963','82','34212538','0','0','0','0',NULL,'1944-10-24','108754191','0','1087541910',0,NULL,'19100040','443452300',NULL,'500536611','103824079','5087'),(336,2264,5,5,2,'FRANCISCO ALVES DE LIMA','7341415487','82','99109179','82','81568309','82','99710746','81','34237558',NULL,'1951-05-07','130718343','0','1307183430',0,NULL,'19100040','443452300',NULL,'416681481','103824079','31311'),(337,2264,5,5,1,'MARGARIDA MARIA CAVALCANTE DE ARAUJO','22303235472','82','99328438','82','34214081','0','0','0','0',NULL,'1956-05-03','118624811','1','1186248111',0,NULL,'19100040','443452300',NULL,'417788606','103824079','9101'),(338,2264,5,5,1,'CICERA ALBUQUERQUE DE GOES','51688476415','82','99812328','82','34201549','0','0','0','0',NULL,'1943-02-05','53831184','3','0538311843',0,NULL,'19100040','443452300',NULL,'502717227','500536148','17964'),(339,2264,5,5,2,'ILDO SILVA MUNIZ','2749564468','82','96106534','82','34213855','0','0','0','0',NULL,'1939-11-09','134627382','8','1346273828',0,NULL,'19100040','443452300',NULL,'500536908','103824079','5922'),(340,2264,5,5,1,'MIRIAN PEREIRA DE ARAUJO','17737435468','82','99043473','82','34215634','0','0','0','0',NULL,'1955-05-08','134004062','7','1340040627',0,NULL,'19100040','443452300',NULL,'923080334','103824079','12609'),(341,2264,5,5,2,'JOSE CICERO FEITOSA','8625840515','82','99155789','82','34216251','0','0','0','0',NULL,'1945-03-12','28334391','5','0283343915',0,NULL,'19100040','443452300',NULL,'412125810','103824079','18444'),(342,2264,5,5,1,'HELENA OLIVEIRA DUARTE','28026594487','82','34213954','0','0','0','0','0','0',NULL,'1941-03-20','78608756','0','0786087560',0,NULL,'19100040','443452300',NULL,'412990878','103824079','12507'),(343,2264,5,5,1,'MARIA DAS DORES VIANA DE SANTANA','40901777404','82','99656199','82','34216118','0','0','0','0',NULL,'1961-09-12','549003388','2','5490033882',0,NULL,'19100040','443452300',NULL,'907438181','103824079','5836'),(344,2264,5,5,1,'MARIA GILDA BEZERRA GONCALVES','46932054434','82','99308041','82','93719911','82','34212165','0','0',NULL,'1949-12-01','153845028','0','1538450280',0,NULL,'19100040','443452300',NULL,'502943447','103824079','32926'),(345,2264,5,5,2,'IVO BARROS DA SILVA','4539419404','82','91640151','82','99914744','82','34212279','82','34212795',NULL,'1950-10-22','123780639','6','1237806396',0,NULL,'19100040','443452300',NULL,'500536915','103824079','5946'),(346,2264,5,5,1,'JOSEFA MACEDO DIAS','61841307491','82','34292171','0','0','0','0','0','0',NULL,'1948-07-29','90027689','4','0900276894',0,NULL,'19100040','443452300',NULL,'413919606','103824079','1016'),(347,2264,5,5,1,'MARIA JOSE VIEIRA DE OLIVEIRA','63648881434','82','99758665','0','0','0','0','0','0',NULL,'1944-07-26','116686688','0','1166866880',0,NULL,'19100040','443452300',NULL,'416440815','103824079','20380'),(348,2264,5,5,2,'JOSE GEOVAR HENRIQUE','34766790472','82','99199909','82','34213029','0','0','0','0',NULL,'1957-04-22','606936573','2','6069365732',0,NULL,'19100040','443452300',NULL,'111896283','103824079','20916'),(349,2264,5,5,2,'JOSE CORREIA ALEXANDRE','3835200453','82','99821465','82','99736910','0','0','0','0',NULL,'1943-11-09','519996989','3','5199969893',0,NULL,'19100040','443452300',NULL,'918316867','103824079','29912'),(350,2264,5,5,1,'AZENAIDE CORREIA GOMES','70003289400','82','99247020','0','0','0','0','0','0',NULL,'1939-12-05','112805325','7','1128053257',0,NULL,'19100040','443452300',NULL,'415403967','103824079','13918'),(351,2264,5,5,2,'LAURO MONTEIRO DE ARAUJO FILHO','25896105487','82','96331708','0','0','0','0','0','0',NULL,'1959-09-16','122958613','7','1229586137',0,NULL,'19100040','443452300',NULL,'415364076','103824079','14521'),(352,2264,5,5,2,'JOSE EDVAN DUARTE CARNAUBA','3904999435','82','33054400','82','34213505','82','33744004','0','0',NULL,'1980-12-12','547225911','4','5472259114',0,NULL,'19100040','443452300',NULL,'925732667','103824079','15588'),(353,2264,5,5,1,'MARIA LUSIA DA COSTA PEREIRA','2084957460','82','34215645','0','0','0','0','0','0',NULL,'1944-05-02','108892220','9','1088922209',0,NULL,'19100040','443452300',NULL,'422472921','103824079','18436'),(354,2264,5,5,2,'JOSE ROMAO DA SILVA IRMAO','29241782404','82','34213868','0','0','0','0','0','0',NULL,'1954-05-08','148720534','9','1487205349',0,NULL,'19100040','443452300',NULL,'500537518','103824079','9595'),(355,2264,5,5,1,'IVANEIDE OLIVEIRA DOS SANTOS BARBOSA','7310975480','82','99402327','82','96236183','82','99835928','82','88641124',NULL,'1983-07-17','137662098','4','1376620984',0,NULL,'19100040','443452300',NULL,'425654017','103824079','21467'),(356,2264,5,5,1,'RAIMUNDA MARIA SOARES BARNABE','66238854472','82','96485111','0','0','0','0','0','0',NULL,'1941-11-11','118625357','3','1186253573',0,NULL,'19100040','443452300',NULL,'424137714','0','32644'),(357,2264,5,5,1,'MARIA GENILDA SANDES DE ALMEIDA','833802488','82','99496906','82','93312532','82','34212942','0','0',NULL,'1952-04-06','125379717','7','1253797177',0,NULL,'19100040','443452300',NULL,'909593205','103824079','6771'),(358,2264,5,5,2,'ELIO EUGENIO SOARES','13431730434','82','99526718','0','0','0','0','0','0',NULL,'1943-09-10','53831158','4','0538311584',0,NULL,'19100040','443452300',NULL,'500538934','103824079','13097'),(359,2264,5,5,1,'ILDA MARIA DE OLIVEIRA','38503018420','82','35251130','0','0','0','0','0','0',NULL,'1945-05-12','83527331','8','0835273318',0,NULL,'19100040','443452300',NULL,'413100579','103824079','14193'),(360,2264,5,5,1,'VERENE MELO DA SILVA','69994099434','82','99202683','0','0','0','0','0','0',NULL,'1968-09-01','106393955','8','1063939558',0,NULL,'19100040','443452300',NULL,'414968974','834689895','32067'),(361,2264,5,5,1,'CREUZA NUNES COSTA','1835078435','82','34201427','0','0','0','0','0','0',NULL,'1944-04-25','115017372','3','1150173723',0,NULL,'19100040','443452300',NULL,'415541167','103824079','10640'),(362,2264,5,5,1,'MARIA NEUZA ABREU WANDERLEY','2801807486','82','91368631','82','34212105','0','0','0','0',NULL,'1942-01-26','123685926','7','1236859267',0,NULL,'19100040','443452300',NULL,'500536575','103824079','1105'),(363,2264,5,5,2,'MARINO MARIANO DE SOUZA','4539397400','82','99651429','82','34213995','0','0','0','0',NULL,'1939-10-09','135967638','1','1359676381',0,NULL,'19100040','443452300',NULL,'500537100','103824079','11694'),(364,2264,5,5,2,'MANOEL LOURENCO BARBOSA','88560902872','82','34201246','0','0','0','0','0','0',NULL,'1940-12-25','138491989','6','1384919896',0,NULL,'19100040','443452300',NULL,'500538424','103824079','11780'),(365,2264,5,5,2,'GONCALO RIBEIRO DE BARROS','34105638491','82','99655621','82','34201730','82','34292160','0','0',NULL,'1942-01-04','145171312','3','1451713123',0,NULL,'19100040','443452300',NULL,'500539500','926694304','14642'),(366,2264,5,5,2,'JOSE HENRIQUE NETO','15780740453','82','99656542','0','0','0','0','0','0',NULL,'1940-06-11','117027702','8','1170277028',0,NULL,'19100040','443452300',NULL,'500606010','103824079','16586'),(367,2264,5,5,2,'MANOEL CORREIA PAIS','4561015434','82','99917673','0','0','0','0','0','0',NULL,'1952-05-08','138768465','2','1387684652',0,NULL,'19100040','443452300',NULL,'604935761','103824079','23501'),(368,2264,5,5,1,'NEUZA DE BRITO LEAO','45772967487','82','99625674','82','34213792','0','0','0','0',NULL,'1949-10-10','78603052','6','0786030526',0,NULL,'19100040','443452300',NULL,'605720182','103824079','26888');
/*!40000 ALTER TABLE `clientes` ENABLE KEYS */;
UNLOCK TABLES;

--
-- Table structure for table `consulta_cliente`
--

DROP TABLE IF EXISTS `consulta_cliente`;
/*!40101 SET @saved_cs_client     = @@character_set_client */;
/*!40101 SET character_set_client = utf8 */;
CREATE TABLE `consulta_cliente` (
  `id` int(11) NOT NULL AUTO_INCREMENT,
  `clientes_id_cliente` int(11) DEFAULT NULL,
  `valor_bruto` decimal(10,2) DEFAULT NULL,
  `valor_descontos` decimal(10,2) DEFAULT NULL,
  `valor_liquido` decimal(10,2) DEFAULT NULL,
  `qtd_emprestimos` int(11) DEFAULT NULL,
  `nome_segurado` varchar(50) COLLATE utf8_unicode_ci DEFAULT NULL,
  `competencia` varchar(30) COLLATE utf8_unicode_ci DEFAULT NULL,
  `pagto_atravez` varchar(50) COLLATE utf8_unicode_ci DEFAULT NULL,
  `periodo_ini` date DEFAULT NULL,
  `periodo_fin` date DEFAULT NULL,
  `especie` varchar(50) COLLATE utf8_unicode_ci DEFAULT NULL,
  `banco` varchar(50) COLLATE utf8_unicode_ci DEFAULT NULL,
  `agencia` varchar(50) COLLATE utf8_unicode_ci DEFAULT NULL,
  `codigo_agencia` varchar(50) COLLATE utf8_unicode_ci DEFAULT NULL,
  `endereco_banco` varchar(50) COLLATE utf8_unicode_ci DEFAULT NULL,
  `disponibilidade_ini` date DEFAULT NULL,
  `disponibilidade_fin` date DEFAULT NULL,
  `obs_cliente` text COLLATE utf8_unicode_ci,
  `margem_cliente` varchar(100) COLLATE utf8_unicode_ci DEFAULT NULL,
  `valor_disponivel_cliente` varchar(100) COLLATE utf8_unicode_ci DEFAULT NULL,
  `tipo_credito_cliente` varchar(1) COLLATE utf8_unicode_ci DEFAULT NULL,
  `status_ligacao_cliente` tinyint(1) DEFAULT NULL COMMENT 'Define o status em caso de disponível',
  `status_consulta` tinyint(1) DEFAULT NULL,
  `status_erro_consulta` tinyint(1) DEFAULT NULL COMMENT 'Define o status em caso de erro ao consultar o cliente',
  `obs_erro_consulta` text COLLATE utf8_unicode_ci,
  `tipo_credito_consignado` varchar(1) COLLATE utf8_unicode_ci DEFAULT NULL,
  `status_arquivo_retorno` tinyint(1) DEFAULT NULL,
  `status_validade_consulta` tinyint(1) DEFAULT NULL COMMENT 'Define o status em caso de disponível',
  `data_consulta` date DEFAULT NULL,
  PRIMARY KEY (`id`),
  KEY `IDX_1D17D9928660CFA2` (`clientes_id_cliente`),
  CONSTRAINT `FK_1D17D9928660CFA2` FOREIGN KEY (`clientes_id_cliente`) REFERENCES `clientes` (`id_cliente`)
) ENGINE=InnoDB AUTO_INCREMENT=2 DEFAULT CHARSET=utf8 COLLATE=utf8_unicode_ci;
/*!40101 SET character_set_client = @saved_cs_client */;

--
-- Dumping data for table `consulta_cliente`
--

LOCK TABLES `consulta_cliente` WRITE;
/*!40000 ALTER TABLE `consulta_cliente` DISABLE KEYS */;
INSERT INTO `consulta_cliente` VALUES (1,257,788.00,0.00,788.00,1,'JOSE CICERO DA SILVA','02/2015','CONTA CORRENTE','2015-02-01','2015-02-28','87 AMP. SOCIAL PESSOA PORTADORA DEFICIENCIA','BRASIL','UNIAO DOS PALMARES','000391','AV. MONSENHOR CLOVIS DUARTE, 100 - CASA','2015-03-03','2015-04-30','OBS','100','100','2',1,1,0,NULL,'0',0,1,'2015-03-04');
/*!40000 ALTER TABLE `consulta_cliente` ENABLE KEYS */;
UNLOCK TABLES;

--
-- Table structure for table `convenio`
--

DROP TABLE IF EXISTS `convenio`;
/*!40101 SET @saved_cs_client     = @@character_set_client */;
/*!40101 SET character_set_client = utf8 */;
CREATE TABLE `convenio` (
  `id` int(11) NOT NULL AUTO_INCREMENT,
  `mci_emp_cliente` varchar(10) COLLATE utf8_unicode_ci DEFAULT NULL,
  `nome_convenio` varchar(20) COLLATE utf8_unicode_ci DEFAULT NULL,
  PRIMARY KEY (`id`)
) ENGINE=InnoDB AUTO_INCREMENT=41 DEFAULT CHARSET=utf8 COLLATE=utf8_unicode_ci;
/*!40101 SET character_set_client = @saved_cs_client */;

--
-- Dumping data for table `convenio`
--

LOCK TABLES `convenio` WRITE;
/*!40000 ALTER TABLE `convenio` DISABLE KEYS */;
INSERT INTO `convenio` VALUES (1,'103824079','INSS'),(6,'300976345','300976345'),(7,'103413042','103413042'),(8,'600516620','600516620'),(9,'908899699','908899699'),(10,'105686177','105686177'),(11,'104852510','104852510'),(12,'600707984','600707984'),(13,'105492843','105492843'),(14,'600011368','600011368'),(15,'30765041','30765041'),(16,'302478949','302478949'),(17,'303899770','303899770'),(18,'104877310','104877310'),(19,'933840279','933840279'),(20,'602961577','602961577'),(21,'105612226','105612226'),(22,'600231952','600231952'),(23,'600658899','600658899'),(24,'0','0'),(25,'103306254','103306254'),(26,'100281778','100281778'),(27,'102593117','102593117'),(28,'600507960','600507960'),(29,'908188706','908188706'),(30,'411465451','411465451'),(31,'104847934','104847934'),(32,'903371410','903371410'),(33,'105419123','105419123'),(34,'600507445','600507445'),(35,'600724598','600724598'),(36,'209930684','209930684'),(37,'906071078','906071078'),(38,'603417534','603417534'),(39,'929103422','929103422'),(40,'100420622','100420622');
/*!40000 ALTER TABLE `convenio` ENABLE KEYS */;
UNLOCK TABLES;

--
-- Table structure for table `emprestimos`
--

DROP TABLE IF EXISTS `emprestimos`;
/*!40101 SET @saved_cs_client     = @@character_set_client */;
/*!40101 SET character_set_client = utf8 */;
CREATE TABLE `emprestimos` (
  `id_emprestimo` int(11) NOT NULL AUTO_INCREMENT,
  `emprestimo` varchar(50) COLLATE utf8_unicode_ci NOT NULL,
  `valor` decimal(10,2) NOT NULL,
  `status_bb_emprestimo` tinyint(1) DEFAULT NULL,
  `consulta_cliente_id` int(11) DEFAULT NULL,
  PRIMARY KEY (`id_emprestimo`),
  KEY `fk_emprestimos_consulta_cliente1_idx` (`consulta_cliente_id`),
  CONSTRAINT `FK_5E9BC584BFF5222` FOREIGN KEY (`consulta_cliente_id`) REFERENCES `consulta_cliente` (`id`)
) ENGINE=InnoDB DEFAULT CHARSET=utf8 COLLATE=utf8_unicode_ci;
/*!40101 SET character_set_client = @saved_cs_client */;

--
-- Dumping data for table `emprestimos`
--

LOCK TABLES `emprestimos` WRITE;
/*!40000 ALTER TABLE `emprestimos` DISABLE KEYS */;
/*!40000 ALTER TABLE `emprestimos` ENABLE KEYS */;
UNLOCK TABLES;

--
-- Table structure for table `limite_credito_novo`
--

DROP TABLE IF EXISTS `limite_credito_novo`;
/*!40101 SET @saved_cs_client     = @@character_set_client */;
/*!40101 SET character_set_client = utf8 */;
CREATE TABLE `limite_credito_novo` (
  `id_limite_credito_novo` int(11) NOT NULL AUTO_INCREMENT,
  `limite_credito_novo` varchar(50) COLLATE utf8_unicode_ci NOT NULL,
  PRIMARY KEY (`id_limite_credito_novo`)
) ENGINE=InnoDB DEFAULT CHARSET=utf8 COLLATE=utf8_unicode_ci;
/*!40101 SET character_set_client = @saved_cs_client */;

--
-- Dumping data for table `limite_credito_novo`
--

LOCK TABLES `limite_credito_novo` WRITE;
/*!40000 ALTER TABLE `limite_credito_novo` DISABLE KEYS */;
/*!40000 ALTER TABLE `limite_credito_novo` ENABLE KEYS */;
UNLOCK TABLES;

--
-- Table structure for table `roles`
--

DROP TABLE IF EXISTS `roles`;
/*!40101 SET @saved_cs_client     = @@character_set_client */;
/*!40101 SET character_set_client = utf8 */;
CREATE TABLE `roles` (
  `id` int(11) NOT NULL AUTO_INCREMENT,
  `name` varchar(30) COLLATE utf8_unicode_ci NOT NULL,
  `role` varchar(20) COLLATE utf8_unicode_ci NOT NULL,
  PRIMARY KEY (`id`),
  UNIQUE KEY `UNIQ_B63E2EC757698A6A` (`role`)
) ENGINE=InnoDB AUTO_INCREMENT=4 DEFAULT CHARSET=utf8 COLLATE=utf8_unicode_ci;
/*!40101 SET character_set_client = @saved_cs_client */;

--
-- Dumping data for table `roles`
--

LOCK TABLES `roles` WRITE;
/*!40000 ALTER TABLE `roles` DISABLE KEYS */;
INSERT INTO `roles` VALUES (1,'ADMIN','ROLE_ADMIN'),(2,'PA','ROLE_PA'),(3,'PA\\CONSULTA','ROLE_PA_CONSULTA');
/*!40000 ALTER TABLE `roles` ENABLE KEYS */;
UNLOCK TABLES;

--
-- Table structure for table `sexos`
--

DROP TABLE IF EXISTS `sexos`;
/*!40101 SET @saved_cs_client     = @@character_set_client */;
/*!40101 SET character_set_client = utf8 */;
CREATE TABLE `sexos` (
  `id_sexo` int(11) NOT NULL AUTO_INCREMENT,
  `nome_abreviatura_sexo` varchar(2) COLLATE utf8_unicode_ci DEFAULT NULL,
  `nome_extenso_sexo` varchar(9) COLLATE utf8_unicode_ci NOT NULL,
  PRIMARY KEY (`id_sexo`)
) ENGINE=InnoDB AUTO_INCREMENT=3 DEFAULT CHARSET=utf8 COLLATE=utf8_unicode_ci;
/*!40101 SET character_set_client = @saved_cs_client */;

--
-- Dumping data for table `sexos`
--

LOCK TABLES `sexos` WRITE;
/*!40000 ALTER TABLE `sexos` DISABLE KEYS */;
INSERT INTO `sexos` VALUES (1,'M','Masculino'),(2,'F','Feminino');
/*!40000 ALTER TABLE `sexos` ENABLE KEYS */;
UNLOCK TABLES;

--
-- Table structure for table `status`
--

DROP TABLE IF EXISTS `status`;
/*!40101 SET @saved_cs_client     = @@character_set_client */;
/*!40101 SET character_set_client = utf8 */;
CREATE TABLE `status` (
  `id_status` int(11) NOT NULL AUTO_INCREMENT,
  `status` varchar(45) COLLATE utf8_unicode_ci NOT NULL,
  `codigo` varchar(2) COLLATE utf8_unicode_ci NOT NULL,
  PRIMARY KEY (`id_status`)
) ENGINE=InnoDB AUTO_INCREMENT=3 DEFAULT CHARSET=utf8 COLLATE=utf8_unicode_ci;
/*!40101 SET character_set_client = @saved_cs_client */;

--
-- Dumping data for table `status`
--

LOCK TABLES `status` WRITE;
/*!40000 ALTER TABLE `status` DISABLE KEYS */;
INSERT INTO `status` VALUES (1,'FINALIZADO','01'),(2,'NÃO CONTATADO','02');
/*!40000 ALTER TABLE `status` ENABLE KEYS */;
UNLOCK TABLES;

--
-- Table structure for table `subrotinas`
--

DROP TABLE IF EXISTS `subrotinas`;
/*!40101 SET @saved_cs_client     = @@character_set_client */;
/*!40101 SET character_set_client = utf8 */;
CREATE TABLE `subrotinas` (
  `id_subrotina` int(11) NOT NULL AUTO_INCREMENT,
  `status_id_status` int(11) DEFAULT NULL,
  `subrotina` varchar(45) COLLATE utf8_unicode_ci NOT NULL,
  `codigo_subrotina` int(11) NOT NULL,
  PRIMARY KEY (`id_subrotina`),
  KEY `fk_subrotinas_status1_idx` (`status_id_status`),
  CONSTRAINT `FK_E98469F0D5A250B0` FOREIGN KEY (`status_id_status`) REFERENCES `status` (`id_status`)
) ENGINE=InnoDB AUTO_INCREMENT=12 DEFAULT CHARSET=utf8 COLLATE=utf8_unicode_ci;
/*!40101 SET character_set_client = @saved_cs_client */;

--
-- Dumping data for table `subrotinas`
--

LOCK TABLES `subrotinas` WRITE;
/*!40000 ALTER TABLE `subrotinas` DISABLE KEYS */;
INSERT INTO `subrotinas` VALUES (1,2,'Telefone inválido/desatualizado',13),(2,2,'Ligação atendida, mas Cliente Ausente',18),(3,2,'Ligação Não Atendida',19),(4,2,'Dados Divergentes na Identificação Positiva',20),(5,2,'Cliente Falecido',21),(6,1,'Produto Vendido ou Serviço Contratado',1),(7,1,'Demostrou Interesse, Mas Não Atende Requisito',12),(8,1,'Demostrou interesse e iá analizar a proposta',55),(9,1,'Não Demostrou Interesse',16),(10,1,'Não Quer Tratar Deste Assunto po Telefone',19),(11,1,'Não Quer Receber Nenhum Contato Telefônico',20);
/*!40000 ALTER TABLE `subrotinas` ENABLE KEYS */;
UNLOCK TABLES;

--
-- Table structure for table `super_estadual`
--

DROP TABLE IF EXISTS `super_estadual`;
/*!40101 SET @saved_cs_client     = @@character_set_client */;
/*!40101 SET character_set_client = utf8 */;
CREATE TABLE `super_estadual` (
  `id_super_estadual` int(11) NOT NULL AUTO_INCREMENT,
  `cod_super_estadual` varchar(10) COLLATE utf8_unicode_ci NOT NULL,
  `nome_super_estadual` varchar(50) COLLATE utf8_unicode_ci DEFAULT NULL,
  PRIMARY KEY (`id_super_estadual`)
) ENGINE=InnoDB AUTO_INCREMENT=2266 DEFAULT CHARSET=utf8 COLLATE=utf8_unicode_ci;
/*!40101 SET character_set_client = @saved_cs_client */;

--
-- Dumping data for table `super_estadual`
--

LOCK TABLES `super_estadual` WRITE;
/*!40000 ALTER TABLE `super_estadual` DISABLE KEYS */;
INSERT INTO `super_estadual` VALUES (2264,'8493',NULL),(2265,'8487',NULL);
/*!40000 ALTER TABLE `super_estadual` ENABLE KEYS */;
UNLOCK TABLES;

--
-- Table structure for table `super_regional`
--

DROP TABLE IF EXISTS `super_regional`;
/*!40101 SET @saved_cs_client     = @@character_set_client */;
/*!40101 SET character_set_client = utf8 */;
CREATE TABLE `super_regional` (
  `id_super_regional` int(11) NOT NULL AUTO_INCREMENT,
  `cod_super_regional` varchar(10) COLLATE utf8_unicode_ci NOT NULL,
  `nome_super_regional` varchar(50) COLLATE utf8_unicode_ci DEFAULT NULL,
  PRIMARY KEY (`id_super_regional`)
) ENGINE=InnoDB AUTO_INCREMENT=7 DEFAULT CHARSET=utf8 COLLATE=utf8_unicode_ci;
/*!40101 SET character_set_client = @saved_cs_client */;

--
-- Dumping data for table `super_regional`
--

LOCK TABLES `super_regional` WRITE;
/*!40000 ALTER TABLE `super_regional` DISABLE KEYS */;
INSERT INTO `super_regional` VALUES (5,'8393',NULL),(6,'8803',NULL);
/*!40000 ALTER TABLE `super_regional` ENABLE KEYS */;
UNLOCK TABLES;

--
-- Table structure for table `uf`
--

DROP TABLE IF EXISTS `uf`;
/*!40101 SET @saved_cs_client     = @@character_set_client */;
/*!40101 SET character_set_client = utf8 */;
CREATE TABLE `uf` (
  `id` int(11) NOT NULL AUTO_INCREMENT,
  `uf` varchar(2) COLLATE utf8_unicode_ci DEFAULT NULL,
  PRIMARY KEY (`id`)
) ENGINE=InnoDB AUTO_INCREMENT=4 DEFAULT CHARSET=utf8 COLLATE=utf8_unicode_ci;
/*!40101 SET character_set_client = @saved_cs_client */;

--
-- Dumping data for table `uf`
--

LOCK TABLES `uf` WRITE;
/*!40000 ALTER TABLE `uf` DISABLE KEYS */;
INSERT INTO `uf` VALUES (2,'AL'),(3,'MG');
/*!40000 ALTER TABLE `uf` ENABLE KEYS */;
UNLOCK TABLES;

--
-- Table structure for table `user_role`
--

DROP TABLE IF EXISTS `user_role`;
/*!40101 SET @saved_cs_client     = @@character_set_client */;
/*!40101 SET character_set_client = utf8 */;
CREATE TABLE `user_role` (
  `user_id` int(11) NOT NULL,
  `role_id` int(11) NOT NULL,
  PRIMARY KEY (`user_id`,`role_id`),
  KEY `IDX_2DE8C6A3A76ED395` (`user_id`),
  KEY `IDX_2DE8C6A3D60322AC` (`role_id`),
  CONSTRAINT `FK_2DE8C6A3A76ED395` FOREIGN KEY (`user_id`) REFERENCES `users` (`id`) ON DELETE CASCADE,
  CONSTRAINT `FK_2DE8C6A3D60322AC` FOREIGN KEY (`role_id`) REFERENCES `roles` (`id`) ON DELETE CASCADE
) ENGINE=InnoDB DEFAULT CHARSET=utf8 COLLATE=utf8_unicode_ci;
/*!40101 SET character_set_client = @saved_cs_client */;

--
-- Dumping data for table `user_role`
--

LOCK TABLES `user_role` WRITE;
/*!40000 ALTER TABLE `user_role` DISABLE KEYS */;
INSERT INTO `user_role` VALUES (1,1),(2,3),(3,2),(4,1),(5,2),(6,1),(9,2),(11,2),(12,3);
/*!40000 ALTER TABLE `user_role` ENABLE KEYS */;
UNLOCK TABLES;

--
-- Table structure for table `users`
--

DROP TABLE IF EXISTS `users`;
/*!40101 SET @saved_cs_client     = @@character_set_client */;
/*!40101 SET character_set_client = utf8 */;
CREATE TABLE `users` (
  `id` int(11) NOT NULL AUTO_INCREMENT,
  `username` varchar(25) COLLATE utf8_unicode_ci NOT NULL,
  `password` varchar(255) COLLATE utf8_unicode_ci NOT NULL,
  `email` varchar(60) COLLATE utf8_unicode_ci NOT NULL,
  `is_active` tinyint(1) NOT NULL,
  `salt` varchar(255) COLLATE utf8_unicode_ci NOT NULL,
  PRIMARY KEY (`id`),
  UNIQUE KEY `UNIQ_1483A5E9F85E0677` (`username`),
  UNIQUE KEY `UNIQ_1483A5E9E7927C74` (`email`)
) ENGINE=InnoDB AUTO_INCREMENT=13 DEFAULT CHARSET=utf8 COLLATE=utf8_unicode_ci;
/*!40101 SET character_set_client = @saved_cs_client */;

--
-- Dumping data for table `users`
--

LOCK TABLES `users` WRITE;
/*!40000 ALTER TABLE `users` DISABLE KEYS */;
INSERT INTO `users` VALUES (1,'fabio','$2y$13$8c141f37200659a0c245fuhdSB2NYBErYsHMFICB/2NLyDV45EG.a','fabio@gmail.com',1,'8c141f37200659a0c245f8e8e978227d'),(2,'andrey','$2y$13$fa38f85286bd0b958c3eaORop0ifSzTjbBxHGHeyTbuB1AGPM4Ysq','andrey@gmail.com',1,'fa38f85286bd0b958c3eaa19ee5125a2'),(3,'Paulo','$2y$13$64a9947c8c27bf1eacd08ujLNMpM9vrLlG6o1E19OfuEW5Sukyf8q','paulo@email.com',1,'64a9947c8c27bf1eacd08220fa1206a5'),(4,'Adriano','$2y$13$1fe4eb2a612caded659b9u9EztW807nd4D1bdgj8xU5XjONOHCVcO','adriano@mbcredito.com.br',1,'1fe4eb2a612caded659b96990dc4c0d7'),(5,'q','$2y$13$21632c9a27f414489cb26eLT1ddTRrDAX/F6.k5PlMFtZn8evglyu','q@gmail.com',1,'21632c9a27f414489cb26e546022fea5'),(6,'Jullyany','$2y$13$5ff5f9e328d28e23e447eunC/udJ45bB3/w9DRNhD08GEBoXFpaCm','juh.araujo_17@hotmail.com',1,'5ff5f9e328d28e23e447e0e5401c3be9'),(9,'teste','$2y$13$10253f9f9d06a4c99e0d2uRJl16IFenAAkReugD5xyWWrbMz0V4FW','teste@gmail.com',1,'10253f9f9d06a4c99e0d2745f5c414c2'),(11,'Larissa','$2y$13$d908c66056d1bb6a9abd1uXxU0xRGw6ri5rLUMEFA0egJIarmufNW','larissareginab.s@hotmail.com',1,'d908c66056d1bb6a9abd138575b63602'),(12,'Cleiton','$2y$13$c14697120f16186da4164uY79w7K1Lv.h9i4Jds7QJ6eW/kOGNRWi','cleiton@email.com',1,'c14697120f16186da41649d3a08a37eb');
/*!40000 ALTER TABLE `users` ENABLE KEYS */;
UNLOCK TABLES;
/*!40103 SET TIME_ZONE=@OLD_TIME_ZONE */;

/*!40101 SET SQL_MODE=@OLD_SQL_MODE */;
/*!40014 SET FOREIGN_KEY_CHECKS=@OLD_FOREIGN_KEY_CHECKS */;
/*!40014 SET UNIQUE_CHECKS=@OLD_UNIQUE_CHECKS */;
/*!40101 SET CHARACTER_SET_CLIENT=@OLD_CHARACTER_SET_CLIENT */;
/*!40101 SET CHARACTER_SET_RESULTS=@OLD_CHARACTER_SET_RESULTS */;
/*!40101 SET COLLATION_CONNECTION=@OLD_COLLATION_CONNECTION */;
/*!40111 SET SQL_NOTES=@OLD_SQL_NOTES */;

-- Dump completed on 2015-03-11  8:16:33
